url,title,time,content
https://tech.163.com/19/1114/08/ETU7OPDQ000998GP.html,"['盘点孙宇晨蹭热点能力：时常开出100万""祖传支票""']","['\n                2019-11-14 08:00:35\u3000来源: ', '观察者网', '\n                ', '举报', '\n            ']","['\n                        （原标题：盘点孙宇晨卖力蹭热点：在微博上开“祖传支票”）\n                    ', '【文/观察者网 陆雨聆】面对热点消息，孙宇晨可能会迟到，但绝不会缺席。', '最近，罗永浩和王思聪相继因被曝限制高消费，成为舆论热点。当大家把目光聚焦在企业家诚信问题之时，有一位大V却主动站出来，表示愿意出资助他们还债！', '他就是孙宇晨。', '如果你对此感到新鲜，那你就低估他的“古道热肠”了。康康孙宇晨的微博就能发现，长久以来，他致力于在微博上四处“投资”，时常开出100万的“祖传支票”。当然，没人知道这钱到底给了还是没给。', '拍下巴菲特天价午餐后，孙宇晨火出圈了', '孙宇晨的第一个“大项目”，就是跟广大民众息息相关的小黄车退押金。2018年底，ofo押金危机已经接近无解，排队人数达到8位数。当时在币圈就有人预测，孙宇晨就快出来“两肋插刀”了。', '果不其然，12月19日下午，孙宇晨在微博上出手了，表示要帮朋友戴威给1万个ofo用户退押金，“杯水车薪，纯个人帮忙。”这条微博下面，他还不忘附上戴威发给ofo的全员信，其中描述了ofo的资金困境：1块钱要掰成3块钱花。', '当然他跟戴威确实有渊源。公开资料显示，两人是北京大学的校友，更深层次的关系是，戴威是波场的私募投资人。', '鉴于有人的押金是99元，有人是199元，孙宇晨这张百万支票考虑得还是比较周全的，给人一种“义薄云天”的真实感。', '随后，他在关怀民生之路上越走越远。今年2月，热心人士赵宇从犯罪嫌疑人手里解救女孩，反被拘留14天，孙宇晨大手一挥，要出资一千万对其进行补偿。', '蹭热点的最高境界是什么？自己成为热点。', '孙宇晨最出名的一战，必定要数拍下巴菲特天价午餐事件。今年7月下旬，他从六一儿童节就开始“预热”，立刻火遍全网。', '好景不长，热度只维持了不到一个礼拜就沉了下去。进入7月，网上开始疯传午餐将取消，孙宇晨抓住机会，迅速反应：', '郎咸平教授，100万拿走不谢。', '靠着这件事，他又连续几天登上热搜，期间还不忘双管齐下，声援小鹏汽车维权。手笔也很大，1000万。', '有意思的是，早在孙宇晨和王小川就“什么是骗子”问题撕X时，小鹏汽车创始人何小鹏曾痛批孙宇晨“搞笑”，属于“不知耻而行骗招摇过市”。', '过了一个礼拜，热度又下去了。午餐之日近在咫尺，咋办？', '孙宇晨最后放了个大招：', '别问，问就是结石。', '时间一晃进入11月初，罗永浩被限制高消费，引发全网报道。罗永浩随后发布长文回应，称公司在过去十个月已经还掉三亿元债务，自己也以各种方式筹款帮公司还了其中的数千万，还会继续努力，在未来一段时期把全部债务还完。“即便公司关掉，个人也会‘卖艺’还完债。”', '一看人家日子这么艰难，孙宇晨来了，带着那张“祖传支票”来了：', '罗老师，我发你offer，一年100万！', '经过长期磨炼，这次孙宇晨的方案严谨了许多。也许是怕遭遇风险，他表示先给100万，“如果效果拔群”才能追加1000万。', '不过他想多了。罗永浩一口回绝：不了，发币我也会。', '才过了3天，王思聪又被曝出限制消费。孙宇晨“不计前嫌”，调转马头安抚校长，措辞显得那么儒雅，那么随和：', '这次不给100万了，直接帮你还债吧。都是创业者，相煎何太急！', '觉得太夸张吗？其实早在今年4月刘强东案发酵时，孙宇晨一度重拳出击，张口就把价码提高到1个亿！', '为了王校长，1.5亿算什么？只不过没人相信就是了……', '不知是不是这番卖力营销使然，波场币在今年下半年走出了颓势。据华夏时报统计，仅10月至今，波长币TRX的涨幅就超过了36%，市值增长了约25亿美元。', '他的快乐嘛，你不懂。']"
https://tech.163.com/19/1107/08/ETC7USI8000998GP.html,['为证明电动车原材料可靠 沃尔沃将使用区块链技术'],"['\n                2019-11-07 08:17:35\u3000来源: ', '网易科技报道', '\n                ', '举报', '\n            ']","['\n                        （原标题：Volvo will use blockchain to prove its cobalt wasn’t mined by children）\n                    ', '网易科技讯 11月7日消息，据国外媒体报道，目前锂电池需要钴等原材料，而钴矿因在开采时使用童工而臭名昭著。现在，沃尔沃已发布第一款全电动汽车XC40 Recharge，但它想要确保其锂电池中的原材料来源是可靠的。为实现这一目标，沃尔沃将借助区块链技术。', '沃尔沃汽车将与两家全球电池供应商――中国的宁德时代(CATL)和韩国的LG Chem，以及区块链技术公司合作，追踪其锂电池所使用的钴的生产全过程。区块链中的数据将包括钴的来源、重量和大小等属性，以及产销监管链等信息。', '沃尔沃汽车采购主管玛蒂娜・布赫豪瑟(Martina?Buchhauser)在一份声明中表示：“我们一直致力于建立符合道德标准的原材料供应链。借助区块链技术，我们可以采取下一步行动，通过与供应商密切合作，确保我们的供应链完全可追溯，并将任何相关风险降至最低。”', '沃尔沃汽车公司表示，今年将开始使用区块链可追溯系统。其电池供应商已同意在未来10年使用该系统跟踪为下一代沃尔沃和北极星(Polestar)车型提供的电池，其中包括XC40 Recharge在内。该公司预计，到2025年，其全球汽车销量的一半将是纯电动汽车车型。该公司还承诺，届时，其生产的每辆车的碳排放量将减少40%。为实现这些目标，将需要更多的锂电池和更多来源可靠的钴原料。（刘春）']"
https://tech.163.com/19/1105/09/ET78FF3M000998GP.html,"['""2019网易未来大会""区块链专场论坛将于23日在杭州举办']","['\n                2019-11-05 09:50:26\u3000来源: ', '网易科技报道', '\n                ', '举报', '\n            ']","['2019年，区块链重整旗鼓，发出时代最强音。', '习近平总书记强调，区块链技术的集成应用在新的技术革新和产业变革中起着重要作用。我们要把区块链作为核心技术自主创新的重要突破口，明确主攻方向，加大投入力度，着力攻克一批关键核心技术，加快推动区块链技术和产业创新发展。', '区块链技术究竟是什么？未来发展趋势如何？最终会如何应用到行业中？行业标准与监管体系何时成熟？这一切，都在等待有识之士们回答。', '11月23日， “2019网易未来大会暨第六届网易未来科技峰会”将以“区块链+实体经济”为主题举办区块链专场论坛，聚集业内顶级院士、专家学者、企业家以及投资人，共同探讨区块链的技术发展趋势、行业应用落地以及产学研结合方向。', '本次论坛将由主题演讲和高端圆桌等内容部分组成，论坛的讨论话题覆盖数字货币、数字经济、区块链行业应用、区块链未来发展等前沿话题，到场专家、学者、企业家、投资人在精彩主题演讲的同时，还将进行多轮高端对话，以多角度、多行业的专业观点探讨区块链发展的本质。', '未来数字货币将会替代一部分现金，借助区块链，数字货币时代将要到来。央行数字货币的推出尚未有时间表，但已经引发业界众多推测。数字货币的应用场景在哪里？面临什么样的挑战？如何控制其风险？在未来国际格局中将起到什么作用？数字货币蓄势待发。这都是值得深刻探究的问题。', '区块链最终还是要落地，回归现实。探索“区块链+”在民生领域的运用，积极推动区块链技术在教育、就业、养老、精准脱贫等方面的应用，是区块链发展的终极意义。如何利用好区块链提升效率，将人们带往更好的社会生活？技术最终还是要为人民服务。', '人类社会从互联网开始逐渐数字化，人类正在逐渐完成数字化的迁徙，数据即将成为未来资产，数据面临着记录、存储和确权的难题。区块链技术应用已延伸到数字金融、物联网、智能制造、供应链管理、数字资产交易等多个领域。未来经济将如何被区块链重构？', '自电脑和手机开始，商业互联网已经浓缩了众多信息，海量信息中最有价值的信息在哪里，这是区块链时代的命题。价值互联网会不会到来？尽管未知，但我们依然能感知到未来的不同凡响。区块链，将带来价值的重新梳理，帮助人们更好的工作与生活。', '区块链技术应用已延伸到数字金融、物联网、智能制造、供应链管理等多个领域，推动区块链产业发展，发挥好市场优势，这将为传统产业带来新的活力。生产关系的变革即将开始，区块链的未来不可估量。', '区块链技术要与人工智能等技术深度融合，在未来技术发展趋势中找到新的突破点，推动集成创新和融合应用，建设新的技术系统，让美好社会运行于技术至上。同时更应该把握技术的标准，与现实世界接轨，促进行业的发展。', '区块链已经成为大国竞争新赛场。基础研究的比拼，产业推进的加速，安全风险的控制，都充满着挑战和未知。区块链会不会带来一个新时代？价值互联网会不会到来？作为传统企业家、研发者、创业者、学者和投资人，将如何把握住区块链这个机会？能否找到其发展的巨大空间？', '在', '中，来自政界、学界、商界以及投资人等各行业领域的顶级嘉宾，将会一一为我们梳理这些问题。探究如何挖掘区块链的生命力，建设更美好的社会，这将是每个科技从业者眼下的课题。', '区块链的再发声，必将引来更多机遇，欢迎加入', '，我们在“诗画江南”杭州等你！']"
https://tech.163.com/19/1101/07/ESSM2M6B000998GP.html,['比特大陆创始人忙内斗 竞争对手已递交IPO申请'],"['\n                2019-11-01 07:16:29\u3000来源: ', '每日经济新闻', '\n                ', '举报', '\n            ']","['\n                        （原标题：比特大陆创始人忙内斗 竞争对手已递交IPO申请）\n                    ', '每经记者 张虹蕾 每经编辑 魏官红', '就在区块链被炒得如火如荼的当下，比特大陆的创始人却忙于内斗。吴忌寒强势回归，詹克团被撤职。明星矿机公司比特大陆的两位创始人在公司的地位似乎又发生了调换，而此前吴忌寒口中的像乒乓球般的“双打”（选手）关系，似乎已演变为“一山难容二虎”。', '日前，《每日经济新闻》记者从比特大陆方面确认，“经比特大陆创始人、比特大陆集团董事会主席、北京比特大陆科技有限公司法定代表人、执行董事吴忌寒决定，解除詹克团在比特大陆的一切职务”。', '吴忌寒与詹克团均是比特大陆的联合创始人，两人分别毕业于北京大学和中国科学院，此前公司一直实行双CEO制度。但今年以来，两人似乎已“决裂”。', '今年上半年，多家区块链媒体报道称，吴忌寒已经淡出了该公司管理层，或出走比特大陆，出走的原因是与詹克团意见分歧较大，吴忌寒的关注焦点在区块链，而詹克团的关注焦点则在芯片和AI方面。吴忌寒回归而詹克团被撤职，比特大陆再次被外界高度关注。而在公司内部人事变动之际，其竞争对手嘉楠耘智已向SEC递交招股说明书，踏上了美股IPO之路，比特大陆的未来将会何去何从？', '多家媒体披露的信息及网络截图显示，10月29日午间，吴忌寒向公司全员发送了一封邮件，决定解除詹克团在比特大陆的一切职务，即刻生效。比特大陆任何员工不得再执行詹克团的指令，不得参加詹克团召集的会议，如有违反，公司将视情节轻重考虑解除劳动合同；对公司经济利益造成损害的，公司将依法追究民事或刑事责任。', '10月30日上午，《每日经济新闻》记者从比特大陆方面确认了该消息。当日，记者多次尝试联系詹克团，但电话无人接听。工商登记信息显示，比特大陆的运营主体北京比特大陆科技有限公司近日发生了工商变更，法定代表人由詹克团变更为吴忌寒。此外，吴忌寒还接替了詹克团执行董事一职。', '这被视为吴忌寒强势回归赶走了詹克团。颇为戏剧性的是，就在10月27日，比特大陆在深圳举行了一场第三代智能服务器SA5的发布会，詹克团还以比特大陆董事长的身份出现。', '相较过往，两人在公司的地位似乎发生了扭转。今年3月26日，比特大陆发布内部信，宣布进行组织架构调整，由王海超担任公司CEO。彼时起，詹克团继续担任公司董事长，吴忌寒则担任公司董事。', '而此前就有消息称，詹克团与吴忌寒正渐行渐远。今年上半年，多家区块链媒体报道称，吴忌寒已经淡出了比特大陆管理层，或出走成立自己的新公司。出走的原因是其与詹克团意见分歧较大。据一名已经离开比特大陆的员工透露，吴忌寒与詹克团的主要分歧在于，吴忌寒的关注焦点在区块链，而詹克团的关注焦点在芯片和AI方面。', '如今的“水火不容”，似乎已宣告两人此前的良好关系不再。去年6月，在火星财经的《王峰十问》中，吴忌寒回应与詹克团的关系称，詹克团一开始就是CO-CEO（联席CEO），这一点在中国的区块链行业内，大家一直都了解。吴忌寒表示，和詹克团更多的是一个互补组队的局面，就像一个乒乓球双打比赛，球打过来，谁在最佳接球位置谁说了算，大家配合比赛，获取胜利是关键。', '比起人事震荡，外界也比较关注比特大陆的资本动向。', '继2017年加密货币行情火爆后，国内矿机巨头嘉楠耘智、亿邦国际和比特大陆分别于2018年5月、6月和9月申请赴港IPO，然而三家矿机巨头均折戟。', '除了在冲刺IPO的道路上遇阻，“矿机”厂商的市场也有变化。从去年下半年开始，随着数字货币持续走低和监管趋严，三大矿机生产商在市场上也面临较大争议，频频传出裁员、亏损等消息。', '而据媒体消息，在内部人事变动之前的一周，比特大陆已向SEC秘密递交了上市申请，保荐人为德意志银行。不过，比特大陆方面未向《每日经济新闻》记者确认这一消息。', '比特大陆招股说明书显示，公司为全球最大的比特币矿机生产商，专注于设计用于加密货币挖矿和人工智能的ASIC芯片，比特大陆的主要业务包括销售加密货币矿机和AI硬件、矿池运营、矿场服务、自营挖矿以及其他与加密货币相关的业务。2015年~2017年，比特大陆收入从1.37亿美元增长到25.18亿美元，净利润则从4860.3万美元增长到7.01亿美元，仅2018年上半年的营收和净利润便达到28.45亿美元和7.43亿美元。其招股说明书也显示，以2017年收入计算，比特大陆为全球第一大基于ASIC的加密货币矿机公司，其市场份额为74.5%。', '今年3月26日，港交所披露信息显示，比特大陆招股说明书失效。关于比特大陆IPO的失效，彼时，公司相关人士对《每日经济新闻》记者表示，公司未来会在合适的时间，重新启动上市工作。', '当比特大陆因人事动荡引起媒体的广泛关注之际，10月29日，第二大矿机生产商嘉楠耘智正式向SEC递交招股说明书，踏上美股IPO之路。嘉楠耘智的上市之路也颇为坎坷，其曾冲击A股、新三板以及H股，但均无果。']"
https://tech.163.com/19/1030/12/ESO3AHN1000998GP.html,['蚂蚁金服：我们是全球申请区块链专利数最多的企业'],"['\n                2019-10-30 12:31:46\u3000来源: ', '澎湃新闻', '\n                ', '举报', '\n            ']","['\n                        （原标题：蚂蚁金服副总裁徐浩：我们是全球申请区块链专利数最多的企业）\n                    ', '澎湃新闻记者 郭钰', '“我们过去为这个市场服务客户需求的过程当中沉淀积累了一些技术。特别是最近刷屏的这个区块链技术，我们在过去的几年，持续地在投入。在2017年和2018年两个年度，蚂蚁金服是全球申请区块链专利数最多的企业。而且在一些实际应用当中，包括跨境汇款，我们已经实现了香港到菲律宾、巴基斯坦到马尼拉这种跨境汇款，包括供应链金融、司法存证、电子发票等方面的实际应用。”', '10月29日，在上海国际集团有限公司、英国施罗德集团、上海交通大学上海高级金融学院主办的“中英金融科技高峰论坛（2019）”上，蚂蚁金服副总裁徐浩从蚂蚁金服对金融科技方面的探索实践出发，分享了蚂蚁金服在金融科技方面的一些举措和思考。', '徐浩表示，过去几年，蚂蚁金服基于数字技术，在探索数字普惠金融方面做了一些尝试。首先是基于大数据的信用服务，移动支付服务，提高了效率，降低了成本。另一个针对融资难、融资贵的问题，在小微、贷款这些方面做了一些尝试。', '“我们通常意义的保险，汽车保险、健康保险，实际上小微企业他们也需要保险，来解决后顾之忧，提高交易的效率。比如说，在线上买一个台灯，或者一个杯子，如果坏了怎么办？这个过程当中需要保险，而且这种保险是非常小微，不可能有专门的理赔员或者喝茶人员去看你的杯子是不是破了。所以我们也是基于技术，线下的方法来实现了‘212’的模式，两分钟申请，一秒钟审核，理赔资金两个小时到帐，这样实际上解决了线下小微商家买卖之间，或者其他商业场景当中需要的小微的保险服务。”徐浩说。', '小微企业没有可提供抵押的资产，也没有可供评估的财务报告，如何能给他们提供服务，蚂蚁金服也是基于数字技术进行了一些探索，基于数字技术的风险识别，风险计量，探索了“310”模式，线上3分钟申请，1秒钟资金即刻到帐，全过程没有人工干预，这种模式到目前为止我们和超过100家的金融机构合作，已经为超过1000万家的小微企业和个人经营者来提供纯信用的贷款服务。这种小小微贷款，户均贷款额在3万块钱以下，最重要是基于数据的风险控制，我们把不良率控制在1%左右，实际上说明数据的模型是有效的。', '徐浩认为，不管是支付也好，还是贷款也好，还是保险、理财，所有的基础应该是基于安全的保障，技术不仅带来了普惠服务能力的提升，同时技术也能够带来安全能力、风险控制能力的提升。', '“举个例子，我们移动支付的风险控制的模型，这个模型在7×24小时的风险感知，到识别是属于哪一类风险，自动的判断用哪种策略去切换相应的防控的策略，包括整个模型自己根据外界的市场环境的不断变化，自身不断的学习来自我更新，整个过程实现了由于欺诈导致的资金损失率控制在千万分之五以下，这是一个非常高的风险控制能力。”他说。', '徐浩认为，所谓的新金融，和传统金融服务是一个相互补充和相互促进的关系。', '新型的数字技术的机构，实际是服务的人群更多的是低净值的长尾客户，在客群上和传统业务是形成互补的，提高了整个社会上金融体系的覆盖面。', '数字金融机构和传统金融机构的相互合作，使得在支付、微贷、理财、保险方面的服务能力更为提升。“大家最熟悉的移动支付，不管是支付宝还是微信，实际上移动支付背后底层依然是基于银行体系和央行的体系。只是说把最后的一公里，或者是最后的那个服务场景的触达，通过移动技术来实现，实际上这也是一种合作。“徐浩举例。', '数字金融机构、互联网机构或者是技术类的机构，由于技术上的一些特点和基因，使其在数据、云计算，以及类似于人工智能、区块链等技术方面形成了自己的优势，和传统金融机构的合作大家能够各自发挥所长，共同推动新金融服务的发展，可以说科技使得整个金融行业服务能力得到提升。', '“过去几年我们提到科技金融或者是金融科技，当年是说因为要规避互联网金融的不好的名声，为什么？就是因为技术如果不坚持服务实体经济的这种应用，技术如果被滥用，实际上会带来风险。“徐浩表示。', '徐浩认为，服务实体场景是防范风险有效的措施之一，也只有在不断地实践应用当中，不断地磨炼，踩过一个一个的坑，才能够不断地积累起技术能力。']"
https://tech.163.com/19/1030/07/ESNJD980000998GP.html,['一家赴美IPO，一家高管变动，矿机老大老二有新动作'],"['\n                2019-10-30 07:53:38\u3000来源: ', '每日经济新闻', '\n                ', '举报', '\n            ']","['\n                        （原标题：一家赴美IPO，一家高管大变动，比特币矿机老大和老二都有新动作）\n                    ', '每经记者 张晓庆 刘永生 每经编辑 卢九安 梁枭 卢祥勇', '家用电脑都可以挖比特币的时代早已结束，要想挖到比特币，必须建矿场，买矿机。矿机生产商――比特大陆和嘉楠耘智，由此成为大赢家。', '嘉楠耘智的创始人是出生于1983年的张楠赓，他是全球第一台专业的比特币挖矿机阿瓦隆（Avalon）的设计者，人称“南瓜张”。', '嘉楠耘智创始人张楠赓（图片来源：每经记者 陈鹏丽 摄）', '10月29日，全球第二大比特币矿机厂商嘉楠耘智正式向美国证券交易委员会（SEC）递交了招股文件。据了解，本次计划上市的主体为嘉楠科技，拟以发行ADS（美国存托股份）的形式在纳斯达克上市，拟募资不超过4亿美元。', '在嘉楠耘智赴美上市时，比特币矿机“老大”比特大陆却陷入剧烈人事动荡。公开信息显示，10月28日，比特大陆董事长詹克团卸任比特大陆法定代表人，由比特大陆联合创始人吴忌寒接任。此前就有关于比特大陆内部不和的消息，关于是否发展AI芯片业务，詹克团和吴忌寒两人的分歧很大。', '据公司招股书介绍，嘉楠耘智主要通过高性能计算ASIC（专用集成电路）芯片研发，提供超级计算解决方案。2013年1月，嘉楠耘智董事长兼CEO张楠赓及其团队发明并交付了首批采用ASIC技术的加密货币矿机。弗若斯特沙利文的统计数据显示，2019年上半年，嘉楠耘智是全球第二大比特币矿机厂商，其出售的比特币矿机占全球市场出售比特币矿机总算力的21.9％，仅次于比特大陆。', '今年上半年，嘉楠耘智净收入为2.89亿元，亏损3.31亿元；去年同期，公司实现净收入19.42亿元，净利润2.17亿元。2017年、2018年，公司分别实现净收入13.08亿元、27.05亿元；净利润分别为3.76亿元、1.22亿元。', '图片来源：摄图网', '对于收入的下降原因，嘉楠耘智在招股书中解释称，公司业绩受比特币价格波动影响很大。', '在过去数年来，比特币经历了大涨大跌，2016年底为960美元，2017年底大涨至14166美元，2018年6月末又大幅跌至6381美元，今年以来震荡上涨，目前报价9432美元。', '从收入构成来看，2017年，2018年和2019年上半年，比特币矿机以及其他比特币矿机零件和配件的销售额分别占嘉楠耘智总收入的99.6%，99.7%和99.4%。中国客户是嘉楠耘智矿机的主要客户群体。', '为平抑比特币市场不稳定的风险，嘉楠耘智从2016年开始向人工智能芯片业务进行转型和扩张。2018年，嘉楠耘智正式推出第一代AI芯片“勘智K210”，这也让其成为行业内第一家提供基于RISC-V架构的商用边缘计算AI芯片的公司。', '但从招股书披露数据来看，嘉楠耘智AI业务的盈利能力尚未显现。今年上半年，公司AI相关产品仅实现了50万元的收入。', '香颂资本执行董事沈萌认为，从技术、产品和人才储备等方面看，嘉楠耘智短期内还不具备提升AI芯片业务占比的基础。', '不过，嘉楠耘智在招股书中称，公司目前正在开发第二代28nm AI芯片产品，并计划在2020年第一季度开始量产第二代芯片。同时，计划在2020年下半年推出第三代12nm AI芯片。', '每日经济新闻记者还注意到，股权结构方面，嘉楠耘智董事李佳轩持股16.2%，董事长兼CEO张楠赓持股16.0%，联席董事长孔剑平持股12.1%，董事孙奇锋持股5.8%。董事及管理层合计持股50.8%。', '上月，', '刘向富是嘉楠耘智联合创始人之一，企信宝显示，2019年1月，刘向富退出嘉楠耘智高管工商备案名单。', '图片来源：胡润百富', '嘉楠耘智的上市之路颇为坎坷，此前曾先后冲击A股和H股未果。', '2016年，A股上市公司鲁亿通（300423，SZ）曾拟以约30.6亿元收购嘉楠耘智100%股权。不过该项收购方案多次被深交所发函询问。此后，鲁亿通以证券市场环境发生变化等为由宣布终止收购。', '2017年8月，嘉楠耘智再次寻求在新三板挂牌上市。彼时，国内加密货币市场监管趋严，在当年10月和11月，嘉楠耘智也多次收到股转公司问询意见，均被问及政策环境的影响和公司持续经营的能力。公司最终主动放弃挂牌。', '2018年5月，嘉楠耘智再次冲击港股IPO，于当年5月15日正式向港交所递交了招股申请。但2018年11月15日，港交所官网信息显示嘉楠耘智的IPO申请已失效，这也意味着其上市再次折戟。', '在此次招股说明书中，嘉楠耘智将比特币价格列为首个风险因素。“我们的经营业绩已经并且预计将继续受到比特币价格急剧下跌的负面影响。”', '此次嘉楠耘智转战美股，能否如愿实现上市梦想呢？沈萌认为，美国证券市场是个包容性、自主性很强的市场，重在监督信息披露的充分真实性，因此公司上市的成功率更高。', '在上述2019年胡润百富榜中，', '、赵肇丰(51亿人民币，排名816)、葛越晟(35亿人民币，排名1166)、胡一说(34亿人民币，排名1204)。', '图片来源：胡润百富', '公开信息显示，10月28日，比特大陆董事长詹克团卸任比特大陆法定代表人，由比特大陆联合创始人吴忌寒接任。此外，詹克团也卸任了执行董事，继续任经理一职，新增葛越晟任监事。', '吴忌寒，比特币大陆联合创始人，2009年北大毕业，心理学和经济学双学位。詹克团，比特币大陆联合创始人，毕业于清华大学和中国科学院，毕业后一直从事集成电路的设计工作。最早，詹克团和吴忌寒为比特大陆的联合CEO。', '在发生工商变更的同时，据媒体报道，比特大陆创始人吴忌寒向员工发布内部信，称解除詹克团在比特大陆的一切职务，即刻生效。', '图片来源：摄图网', '此前，就有关于比特大陆内部不和的消息。关于是否发展AI芯片业务，詹克团和吴忌寒两人的分歧很大。公开信息显示，2018年底，比特大陆发生工商变更，多位高管退出，法定代表人詹克团担任执行董事、经理，吴忌寒只担任监事。两人双双卸任CEO，任命王海超为比特大陆CEO。', '2018年9月26日，比特大陆曾向港交所递交招股书，招股书披露，詹克团持有比特大陆36%股份，为最大股东；其次是吴忌寒，持股比例为25.25%，但都不绝对控股。此次大股东被解除一切职务，也说明本次矛盾之激烈。', '近几年，随着比特币价格的暴涨，比特大陆业绩暴增。据2018年9月26日比特大陆在港交所提交的招股说明书，2015~2017年，比特大陆收入从1.37亿美元增长到25.18亿美元，净利润则从4860.3万美元增长到7.01亿美元，2018年仅上半年的营收和净利润便达到28.45亿美元和7.43亿美元。然而2019年3月26日，港交所披露信息显示，比特大陆招股书失效。比特大陆相关人士表示，“会在合适的时间重新启动上市工作”。']"
https://tech.163.com/19/1030/07/ESNJ3UFL000998GP.html,"['工行辟谣""推数字货币""背后:央行数字货币""呼之欲出""']","['\n                2019-10-30 07:48:32\u3000来源: ', '澎湃新闻', '\n                ', '举报', '\n            ']","['\n                        （原标题：工行辟谣未推出数字货币背后：央行数字货币已“呼之欲出”）\n                    ', '澎湃新闻记者 胡志挺', '“注册工银钱包”的截图 图片来自网络', '10月29日，网上有消息称，工商银行正在内测数字货币钱包，并有相关“注册工银钱包”的截图流出。截图上还有部分“工银数字货币钱包服务协议”的内容。一时间，有传言认为，工行数字货币即将正式推出。', '29日晚间，新京报援引工行金融科技部副总经理陈满才报道称，工行目前没有推出数字货币，关于数字货币的任何信息以人民银行的信息为准，目前工行没有需要发布的信息。', '工行在辟谣未推出数字货币时提到“关于数字货币的任何信息以人民银行的信息为准，目前工行没有需要发布的信息”，不由让人想到中国人民银行正在研发的央行数字货币。', '8月10日，在第三届中国金融四十人伊春论坛上，中国人民银行支付结算司副司长穆长春介绍了央行法定数字货币DC/EP（DC,digital currency，数字货币；EP,electronic payment，电子支付）的实践。', '穆长春表示，从2014年到现在，央行数字货币DC/EP的研究已经进行了五年，从去年开始，数字货币研究所的相关人员就已经是“996”了，做相关系统开发，央行数字货币现在可以说是呼之欲出了。', '据他介绍，央行数字货币DC/EP采取的是双层运营体系。单层运营体系，是指人民银行直接对公众发行数字货币。而人民银行先把数字货币兑换给银行或者是其他运营机构，再由这些机构兑换给公众，这就属于双层运营体系。', '相比之下，以国际互联网社交巨头Facebook为主导的天秤币Libra还未推出便面临着全球监管的重重“围剿”。', '2019年6月18日，Facebook宣布计划与Visa、万事达和优步等27家跨国企业共同推出全新的数字货币Libra，其币值将与现有的主权货币和证券挂钩。', '不过，Libra收获的却是包括美国总统特朗普、美国财政部长姆努钦、法国财政部长勒梅尔（Bruno Le Maire）等人的负面评价，并受到了美国国会、欧盟委员会审查。', '在来自政府部门有关洗钱、个人隐私、国家安全等方面的质疑声中，支付巨头PayPal、Visa（维萨）、Mastercard（万事达）、Stripe、eBay等7家创始成员宣布退出天秤币项目。', '当地时间10月23日，Facebook首席执行官马克・扎克伯格单独在众议院金融服务委员会作证。这场听证会持续了6个小时左右，天秤币是其中一个重要议题。在被问及这些成员为何退出时，扎克伯格说：“这是一个有风险的项目，会受到很多审查。”']"
https://tech.163.com/19/1029/10/ESL968PO000998GP.html,['区块链概念股再现涨停潮 周二开盘逾30股触涨停板'],"['\n                2019-10-29 10:16:34\u3000来源: ', '新京报', '\n                ', '举报', '\n            ']","['\n                        （原标题：区块链概念股再现涨停潮 逾30股触涨停板）\n                    ', '新京报讯（记者 李云琦）继昨日区块链概念股大面积出现涨停潮后，29日早间开盘，超过30只被列入其中的股票触及涨停，其中天广中茂、文化长城、新湖中宝、华媒控股、浙大网新、高伟达等涨幅居前。', '10月29日，被choice列入区块链概念股的部分股票盘前交易数据', '数据显示，此前的10月24日下午，中共中央政治局就区块链技术发展现状和趋势进行第十八次集体学习。中共中央总书记习近平在主持学习时强调，区块链技术的集成应用在新的技术革新和产业变革中起着重要作用，要把区块链作为核心技术自主创新的重要突破口，加快推动区块链技术和产业创新发展。', '截至2019年10月29日早间，被choice列入区块链概念股的上市公司已经有183家。早间开盘数据显示，上述股票中有超90只开盘价格较前一日收盘有所上涨；其中超30只股票开盘价格触及涨停。', '10月29日，被choice列入区块链概念股的部分股票开盘后部分交易数据', '值得注意的是，截至10月28日收盘，choice统计出的区块链概念股为173家，其中有111只股票在28日涨停。其中，福光股份涨幅达到了20%。二三四五、恺英网络、广博股份、京蓝科技、利欧股份、文化长城收盘涨幅分别达到了10.15%、10.11%、10.1%、10.1%、10.1%、10.09%。此外，中元股份、晨鑫科技、凯恩股份、三五互联等股票盘前最高涨幅均超过了10%。', '新京报记者 李云琦', '编辑 王宇 校对 刘军']"
https://tech.163.com/19/1029/07/ESL0MBKR000998GP.html,['区块链成重要突破口，中国央行数字货币会否拔头筹'],"['\n                2019-10-29 07:48:04\u3000来源: ', '第一财经', '\n                ', '举报', '\n            ']","['\n                        （原标题：区块链成重要突破口，中国央行数字货币会否拔头筹）\n                    ', '杜川', '区块链、数字货币再刷屏。', '近日，中共中央政治局举行第十八次集体学习，就我国区块链发展作出全新定位，强调要把区块链作为核心技术自主创新的重要突破口，加快推动区块链技术和产业创新发展。', '经过长时间创新，区块链已在金融、医疗保险、供应链、国际贸易等领域取得阶段性成绩。而数字货币作为区块链发挥去中心作用、进行价值传输的工具，在这场技术浪潮中，自然成为了各国都想争夺的先发优势与话语权。', '10月28日，在首届“2019外滩金融峰会”上，中国国际经济交流中心副理事长黄奇帆认为，中国人民银行对于数字货币的研究有五六年，已趋于成熟，很可能是全球第一个推出数字货币的央行。此前Facebook（脸书）创始人、首席执行官马克・扎克伯格在出席美国国会众议院金融服务委员会听证会上则表示，希望美国立法人员可以快速行动，因为“其他国家并不会等我们”。', '中国社科院金融政策研究中心主任何海峰对第一财经记者表示，谁的主权货币最有实力、最稳定、最方便、最安全，谁就会在未来全球数字经济中得到理性选择。因此，各国货币的竞争不光是地位的竞争，更取决于未来科技先进性、可靠性的竞争。“主动加快区块链、数字货币相关研究、标准制定，也是基于中国金融现代化发展的必然选择。”', '不过，央行科技司司长李伟同日在外滩金融峰会接受媒体采访时表示，央行十分重视区块链技术的研究和应用，但目前央行数字货币发行尚无时间表。', '从2014年成立发行法定数字货币的专门研究小组，到2016年首次提出对外公开发行数字货币的目标，再到细化确定采取怎样的技术路线，我国央行对数字货币的研发筹划已久，目前已取得一定成效。“央行对数字货币的研究已经取得积极进展。”9月24日，央行行长易纲在答记者问时如是说。', '中国版数字货币名字是“DC/EP”，即数字货币和电子支付工具。其功能属性与纸钞完全一样，只不过是数字化形态。“我们对它的定义是‘具有价值特征的数字支付工具’。”在不久前的中国金融四十人伊春论坛上，央行支付结算司副司长穆长春这样解释何为数字货币。', '记者了解到，DC/EP采取的是双层运营体系。单层运营体系是人民银行直接对公众发行数字货币；而人民银行先把数字货币兑换给银行或者是其他运营机构，再由这些机构兑换给公众，这就属于双层运营体系。这意味着，将有一些商业机构参与到数字货币运行之中，可以充分调动市场机构积极性。', '穆长春表示，采取双层运营架构有以下几点原因：首先，由于中国是一个复杂的经济体，采取双层的运营架构可以应对复杂的系统性工程；第二，为了充分发挥商业机构的资源、人才和技术优势，促进创新，竞争选优；第三，有助于化解风险，避免风险过度集中；第四，单层运营架构会导致金融脱媒。', '加密资产的自然属性是去中心化。不过，在双层运营体系安排下，DC/EP却一定要坚持中心化的管理模式。上海市人民政府参事、央行调查统计司原司长盛松成认为，区块链最不适合应用的领域就是货币领域。因为货币领域是最需要中心化的，而区块链恰恰是去中心化的。', '穆长春表示，DC/EP坚持中心化管理模式主要基于几点原因：要保证央行在投放过程中的中心地位、加强央行的宏观审慎和货币调控职能、避免指定运营机构货币超发等。', '数字货币会带来货币金融领域划时代的变革。“货币包括两个含义，一个是本位，它要锚定什么，可信度维持很重要，我国是与人民币挂钩；第二，是要考虑可追溯、安全维护之间的管理。”何海峰表示。', '他认为，数字货币涉及私密性，要保证个人信息不被非法利用，同时还要保证如果发生误操作能否可追溯的问题。“因此我国央行推出的数字货币，可能会有一些跟现行的货币金融制度相结合的考虑，不光是去中心制度，既有技术问题，也涉及到制度问题。”', '此前，在Facebook称要发布Libra（天秤币）后，我国央行就对数字货币问题密集发声。', '7月8日，央行研究局局长王信曾透露，国务院已正式批准央行数字货币的研发，目前央行正在组织市场机构从事相应工作；8月2日，央行在2019年下半年工作电视会议上表示，加快推进我国法定数字货币研发步伐，跟踪研究国内外虚拟货币发展趋势，继续加强互联网金融风险整治；8月10日，穆长春提出，央行数字货币“呼之欲出”；9月24日，易纲表示，央行计划把央行数字货币与电子支付工具结合起来。但央行对于法定数字货币的推出“没有时间表”，并称“还会有一系列的研究、测试、试点、评估和风险防范”。', '在多位专家看来，法定数字货币是纸币的替身，由央行发行。包括Libra在内的一般加密数字货币本身不具有货币功能，不具有法偿性，不会冲击法定货币。', '苏宁金融研究院院长助理薛洪言认为，Libra与法定数字货币最大的不同在于，前者并非由货币当局发行，不具有法偿性和强制性。其愿景是建立一套简单的、无国界的货币和为数十亿人服务的金融基础设施，对当前的货币金融体系带来挑战和压力，在全球推进过程中会持续面临监管压力。', '与Libra相比，DC/EP也是混合架构。但在这个层面，央行保持技术中性，不干预商业机构技术路线选择。穆长春强调，“商业机构向公众兑换数字货币时，采用区块链技术还是传统账户体系都可以。无论采取哪种技术路线，央行都能适应。”', '中国银联董事长邵伏军认为，基于国家货币论的角度来看，数字货币发展的最大可能性是基于国家信用的央行法定数字货币。', '其积极影响在于：一是，提升对货币运行监控的效率，丰富货币政策的手段。央行数字货币发行将使货币创造、计账、流动等数据实时采集成为可能，并在数据脱敏以后，通过大数据等技术手段进行深入分析，为货币的投放、为货币政策的制定与实施提供有益的参考，并且为经济调控提供有益的手段；二是，有利于提升交易流程的智能化水平，大幅度简化传统金融机构间比较复杂的交易流程；三是，切实提升支付特别是跨境支付的效率，建立开放的支付环境。', '在数字经济的转型升级过程中，数字货币已是大势所趋。', '公开信息显示，除中国央行外，英国、加拿大、俄罗斯、瑞典、泰国等多国央行也在研发并计划推出法定数字货币，特别是Libra引发了各国对数字货币监管的关注。', '黄奇帆称，“本人不相信Libra会成功。”他认为，基于区块链的去中心化货币脱离了主权信用，发行基础无法保证，币值无法稳定，难以真正形成社会财富。对主权国家来讲，最好的践行货币国家发行权的办法是由政府和中央银行发行主权数字货币。', '区块链在推动数字经济创新发展方面潜力巨大。此前，有的国家正在做基于区块链的数字货币测试，有的国家则推出了类似Libra稳定币的尝试。但严格来说，暂未有一个国家的央行明确推出法定数字货币计划。', '法定数字货币的推出仍然面临一些困难和问题。', '“目前我国央行数字货币的推出应该说迈出了审慎的第一步，即先替代M0(流通中的现金)。”何海峰认为，法定数字货币要保护公众隐私、在防“三反”以及交易可追溯方面做相关安排。但数字货币推出不仅要做封闭实验还要做实际测试。因为一旦放到开放的经济体系中，影响究竟会怎样，目前还不好说。”', '薛洪言对记者表示，推出法定数字货币，涉及到法定数字货币的定位、技术路线的选择、具体实施和推广方案等，需要与现有金融体系融合推进，涉及到的问题比较多，要全面铺开难度较大，只能循序渐进。', '黄奇帆认为，在全球央行发行主权数字货币的过程中，除了要提高便捷性、安全性之外，还要制定一种新的规则，使得数字货币能够与主权的信用相挂钩，与国家GDP、财政收入、黄金储备建立适当的比例关系，通过某种机制，遏制滥发货币的局面。']"
https://tech.163.com/19/1029/07/ESL0IBVI000998GP.html,['哈佛大学高级研究员：天秤币可能永远都不会落地'],"['\n                2019-10-29 07:45:53\u3000来源: ', '澎湃新闻', '\n                ', '举报', '\n            ']","['\n                        （原标题：哈佛大学肯尼迪政府学院研究员：天秤币可能永远都不会落地）\n                    ', '澎湃新闻记者 蒋梦莹', '什么是货币的未来？', '哈佛大学肯尼迪政府学院高级研究员Timothy G. Massad于10月28日在首届外滩金融峰会上介绍了数字资产目前的发展状况，尤其是Facebook所提出的Libra数字货币方案和央行数字货币的发展前景。', 'Massad认为，Libra可能永远都不会落地，但仍提醒要考虑Libra的提案。首先要关注数字货币合法化的情况；二是要关注聚焦金融公司和科技公司的界限。此外，Libra的倡议也增加了央行对于打造他们自己主权数字货币的兴趣。有一些国家已经在考虑主权数字货币，如中国人民银行宣称会加速他们的计划，美国也会越来越专注数字货币方面的发展。', '哈佛大学肯尼迪政府学院高级研究员Timothy G. Massad。 IC资料图', 'Massad指出，央行的数字货币可以被分为两类，一类是批发版本，一类是零售版本。批发版本这种类型是大型的金融机构所用的，比如说银行可以通过数字货币增加银行之间、银行内部的支付，它不会对经济体产生很大影响。但是零售类型的，可以提供给所有的个人，比如说货币可以在一个移动手机上，或者是储存在一个卡里面，一个账户里面，储存在中央记账里面，这种体系当中对现金和代币有更好的追踪性。', '展望未来，Massad感叹称，“最后我想说一下马可波罗13世纪在中国旅行的时候第一次见到纸币，他很震惊，称之为‘炼金术’，他认为这种纸币是用树皮做的，今天很多人把金融数字化看成是新的‘炼金术’，让我们拭目以待。”', '以下为演讲全文：', '什么是货币的未来？在我的演讲当中将会为大家介绍数字资产目前的发展状况，尤其是Facebook所提出的Libra数字货币方案并探讨央行数字货币的发展前景。', '十年前，在金融危机水深火热之际中本聪提出了比特币，在比特币面世的同时刊发了白皮书，展望了比特币的未来。在白皮书当中提出一个问题，整个货币体系的命运是由一个类似银行的可信中心机构来维系，根据这样的理念我们要采用新的技术，以不可逆转的方式进行交易，也就是我们今天所说的区块链。有这样的技术，我们可以连接互联网当中的人，连接他们的访问和验证，借助这样的技术，我们可以创建一个对等系统，但是这些来讲，比特币和其他的数字资产并没有降低我们对大规模金融中介机构的依赖性，也并没有催生重要的对等支付系统，这些新资产尚未通过传统货币所面临的三重考验：付款方式、计账单位和价值存储手段，而且，它主要还是以投机为目的。', '导致上述情况的因素有很多。第一，虚拟货币价格波动很大，不适合做替代货币。第二，交易具有不可逆转性。其实对于很多人来讲，他们更希望有一个容错机制。比如说你对收到的货物不满意，希望可以退款。第三，数字货币能够处理的交易量太少，无法满足当今经济金融的需求，比特币每秒可以处理7-10笔交易，而VISA卡系统每秒可以处理2.5万笔甚至是更多次的交易。', '另外，从目前来比特币并没有推动分散式交易验证，而采用了非常集中的挖矿操作，其能源消耗非常高。', '在2014年时，我们说加密货币是一种大宗商品，但是它并不遵循传统证券和金融衍生品市场中介所遵循的标准，并且不受监管，这些交易所并不受传统的金融衍生品和证券交易所的监管，因此投资者的保护力度很弱，欺诈现象和利益冲突屡见不鲜。而且这些中介机构还带来范围更广的社会风险，比如说不法之徒会利用数字资产来进行非法支付、洗钱。另外网络攻击风险也非常高，也会影响到金融稳定性。因此，我们采取了很多的措施来防范网络攻击，而这些中介机构带来了非常大的风险，可能会冲击整个金融系统。', '当然比特币可能会对整个金融体系带来一些价值，但是它其实并不能满足我们基本标准，因为它的监管体系没有跟上，金融创新经常出现在监管之外的地方，就像花朵下的杂草。数字中介也是一样的，数字资产是不在传统监管范畴的。', '在发达国家和地区，目前发生的区块链技术的一些有趣的应用，就是区块链系统可以提升交易执行和全生命周期追踪的效率，包括应用在交易的股票、衍生品和其他资产，在美国以及其他的地区，包括香港在港股通系统也可以提供给监管更好更及时的信息。', '。此外，DLT也可以更加高效的塑造金融市场基础设施，特别是对于那些并不是很发达的国家来使用。', 'Facebook的Libra是否能带来更高价值，或者像中本聪所提到的那样，目前这种科学体系就像科学怪人的化身一样，由Facebook这样一个非常具有全球影响力的公司来控制。我们认为有三点理由：', '第一，Facebook体量非常庞大，不管你喜不喜欢Facebook，它会造成非常大的影响，因为它在全球有超过20亿的客户。', '第二，Facebook说得很好听，为无法获得银行金融服务的客户提供服务，这样的目标是非常好的，当然这可能是Facebook在“打嘴炮”，隐藏在背后的是他数据收集的野心。但是Facebook至少让全球社区能关注，还有很多人无法得到银行服务。', '第三，Libra可以引发什么？我们认为可能会促进主权数字货币的产生。因此Facebook建议创造一种数字代币，作为服务全球的货币，作为一种支付的手段，是一种稳定的货币，数字的资产，它的价值是有抵押的，是有底层资产的，不管是一揽子货币，现金或者是现金相关的其他抵押物，这种稳定的结构也使Libra相比比特币来说有更低的波动，也会有受控的合规的体系，也会有认证的公司，不管是Facebook还是其他的公司，能够形成一种匝道入口，来使得人们能够发行或者是赎回Libra。Libra也会形成一种中央化或者是由一系列的协会进行监管，但是我们还不知道未来是怎么样来发生的。', 'Facebook说，他的目标是服务全球17亿人群，这17亿人群可能还没有获取银行的服务，这是一个很大的愿景，但是是否能实现呢？特别是有一些人们所生活在的国家，是没有Facebook或者是不能上Facebook，或者是有一些国家要求Facebook的穿透性非常强，他们是否有实现的足够的基础设施呢？', '非洲可能是一个比较好的实施地方，但是那里的人是否有银行账户来获得Libra呢？或者在一个露天的市场或者是小杂货店是否能实现Libra。另外Libra也无法提供其他的服务，比如说贷款利息或者是小额信贷。对于消费者来说已经有了银行账户，他们不用Libra也可以获得一些服务，比如说信用卡、借记卡、支票或者是现有的移动支付体系。另外银行是有高周转的网络的，可以提供流动性含量，这些Libra也无法提供。另外Libra也无法通过设计和传统的商业银行竞争，比如说常用的支付手段，比如说透支安排、短期信用等等的服务。最终Libra是否能成为一个支付体系取决于交易成本或者是获取Libra的成本相比现有的各种现金支付体系是否足够低。', 'Libra也经常和移动的支付体系比如说支付宝和微信支付比较，但是它们三者有很大的不同。我相信大家也会发现，比如说支付宝是基于非常广泛的移动电商网络。Facebook和微信更像，它是基于社交媒体的，所以它要做电子支付可能还是更加困难一些。支付宝和微信已经创造了一种创新的方式，使得人们的支付成本很低，创建了一个广泛的网络，能够鼓励人们把他们的金钱留在这个系统，比如产品折扣和促销等等，你在这个系统里的钱可以获取利息或者是给你借贷等等。', '面临监管，他们也有创新的方法，比如说形成创新的货币市场的资金，比如说天弘余额宝现在已经成为了全球最大的货币基金了，监管很多都反映要么是坚决反对Libra要么是温和反对Libra，当然他们有很多的理由。在美国还没有看到过特朗普总统、美联储主席鲍威尔、以及众议院金融服务委员会主席沃特斯――他也是对金融服务方面有很大权力的，还没有发现过他们三人对一项议题都同意的。但是他们能够对于Libra的建议都是统一反对的。在2018年夏天，鲍威尔主席说，他对于任何的加密货币没有任何兴趣，对Libra也是一样的。沃特斯主席也曾经是引入了一个《让大型科技公司远离金融法案》的倡议，她从一开始就是反对的。', '而且立法在Libra方面也很难推动，而且Libra依然面对很多监管的障碍。同时，这些也是包括如何避免洗钱或者是说担忧，怎么样联合所有央行行长来推动它。另外，如何限制Libra的吸引力就是每笔交易都可能会构成税务事件，因为这些底层资产的价值会变化。还有Libra是否可以形成一个集合式的投资基金，也要像银行那样有准备金，是否受存款保障等等，都会限制Libra的发展。另外，我也要建议很多在美国以外的投资者，尤其是新兴市场国家，你们要想一下后门美元化等等所有的情况呢？', '首先要关注数字货币合法化的情况。二是大家可以关注聚焦金融公司和科技公司的界限。这并不只是关于数字货币、数字资产的一种界限，大家可以更多关注科技金融的发展，他们之间的界限，客户的关系等等，今天我们有很多科技公司关注科技关系、如何获取客户数据、如何通过监管来提供受监管的产品。这些金融科技公司是否应该受到监管呢？还有大型IT服务商，对于很多大型跨国金融机构提供服务是否也应该受到金融监管呢？特别是金融数字安全或者是保护方面的监管。这创造了一种动态的考虑，金融系统至少在美国是由民间所推动的。总是先有创新出现才有监管跟上。这对数字货币和金融科技也是如此的。', '另外，Libra这样的建议也是增加了央行对于打造他们自己主权数字货币的兴趣。有一些国家已经在考虑主权数字货币，包括中国我相信也是如此，中国的人民银行也宣称会加速他们的计划。我们在美国也会越来越专注数字货币方面的发展。央行数字货币的理由包括了公众越来越少用纸币、支付更高效、更高的金融包容性。这些央行的数字货币可以被分为两类，一类是批发版本，一类是零售版本。批发版本这种类型是大型的金融机构所用的，比如说银行可以通过数字货币增加银行之间、银行内部的支付，或者是结构。但是它不会对经济体产生很大影响，但是零售类型的，可以提供给所有的个人，他们可以通过价值的方式，比如说货币可以在一个移动的手机上面，或者是储存在一个卡里面，一个账户里面，储存在中央记账里面，这种体系当中对现金和代币有更好的追踪性，当然这里会涉及到隐私的问题。', '这种基于账户的系统和基于价值的系统是不同的。因为他能够提供CBDC这种中央货币的利息，也是改变中央银行考虑货币政策的影响。当然CBDC也会产生负面影响，比如说影响银行存款，影响银行融资模式，对信用创造有负面影响，对货币流通也有影响。因为银行也是创造了很多信用，而不像中央银行更多考虑的是金融政策和发行货币。我们考虑CBDC也会造成银行体系的大量挤兑，这也会影响金融的稳定性的问题。这些储存者会把CBDC换成现金、换成储蓄，很快把它们从银行体系当中抽出。还有数字安全性的问题。我刚刚提到了很多有挑战性的问题，但是我还是预见未来会出现不同类型的央行数字币。', '最后我想说一下马可波罗13世纪在中国旅行的时候第一次见到纸币，他很震惊，称之为“炼金术”，他认为这种纸币是用树皮做的，今天很多人把金融数字化看成是新的“炼金术”，让我们拭目以待，谢谢大家。']"
https://tech.163.com/19/1028/15/ESJA54J8000998GP.html,['分析：这下明确了，区块链不是用来“炒”的'],"['\n                2019-10-28 15:54:56\u3000来源: ', '观察者网', '\n                ', '举报', '\n            ']","['\n                        （原标题：余鹏鲲：这下明确了，区块链不是用来“炒”的）\n                    ', '\n', '【文/观察者网专栏作者 余鹏鲲】', '中共中央政治局10月24日下午就区块链技术发展现状和趋势进行第十八次集体学习，使这一新技术再度成为热点。过去，很多人一听到区块链，就会想到比特币，但习总书记这次指出，要推动区块链和实体经济深度融合，要探索“区块链+”在民生领域的运用，还列举了很多领域。可见，区块链并非只有“炒币”一途，可以独立于虚拟货币之外。人们之所以误解，是因为区块链的产生与虚拟货币有密切的联系。', '虚拟货币是西方的无政府主义者首先发明的，他们不信任一切机构和银行，渴望能有一种不受国家意志影响和金融机构操纵的货币作为其实现政治理想的物质工具。', 'B-money是第一种比较知名的，它能够自由交易而且通过加密技术无法追踪货币的流向。除了这两个优点之外，和今天网络论坛的虚拟币没有区别。它的问题在于发行机构如果不能提供担保，那么这些货币的价值将无从考量，交易成为真正意义上的数字游戏。如果有真正的发行机构，那么它将与传统的PC网络支付没有区别。', '后来Hash算法被引入到虚拟货币中来，典型的是HashCash。这是虚拟货币发展的一次分水岭,也是今天虚拟货币之所以能与现实货币相交换的基础。Hash算法保证了每个虚拟货币的产生所消耗计算资源将越来越庞大，让虚拟货币也有了铸币费的概念。换句话说每个虚拟币的价值是由其花费的计算能力背后的电费和设备费做物质担保的，与古代金银铜做钱的物质担保相类似。', '目前“挖矿行业”耗费的电力和计算资源已经极为恐怖', '不过这些虚拟货币都存在一个问题，没有人监管的情况下有人进行虚假交易怎么办，谁能为这种自由交易且无法追踪的货币提供信用担保。', '2008年，一位化名为中本聪的人，在一篇名为《比特币：一个点对点的电子现金系统》的论文中首先提出了比特币，同时提出的还有完整的区块链理论体系。', '作为虚拟货币底层技术的区块链本质上就是大家一起记账的账本，每次交易的进行都处在数以万计的电脑监督参与之下，所以具有透明性和相对的“不可篡改性”。可以说没有这一技术，就无法解决虚拟币的信任问题，虚拟货币只能活在少数“极客”社区，不可能具有今天这样真正的社会影响力。', '由于区块链与虚拟货币的高度相关，一段时间内专职矿工对外都称自己是做“区块链”的。目前，“挖矿”仍是区块链投资最基础的领域。', '中本聪提出并初步实现了比特币，但谁是中本聪还是一个谜。', '可以肯定，他或他的团队主要是程序员，估计金融学的也没差。', '比特币的算法决定了“挖矿”投入的计算开销不仅越来越大，而且会指数级的扩大。这就决定了这币有炒的意义和价值，挖矿亏本的人会倾向于通过购买补仓，而补仓会推高币的价值。有补仓就有做空的意义，比特币越来越金融化。', '而先投入挖矿的人将获得巨大的收益权，不亚于金融市场所谓的原始股。错过比特币的人也不用担心，还有莱特币、以太坊（与比特币类似的虚拟货币）嘛！', '终于比特币在国内也达到家喻户晓的地步，甚至达到可以靠概念骗钱的地步。广东揭阳警方2016年破获一起炮制“恒星币”进行传销的团伙。犯罪团伙首脑通过上网了解到“恒星”币的存在之后，通过建设网站和线下“洗脑”居然吸收了十多万人参与到传销中去。而全国参与炒“币”的人只会更多，比特币不再是单纯的货币，有了金融衍生品的特征。', '而虚拟货币金融活动的高峰就是ICO-首次代币发行，作为模仿IPO-首次公开募股的众筹活动，它试图吸引社会资金来炒热新“币”，成为游资进行“击鼓传花”的工具。至此虚拟货币投资已经完全成为了需要国家依法管理的金融黑洞。2017年9月，中国监管机构下令禁止境内的ICO交易，并陆续屏蔽境外ICO交易平台的域名。', 'ICO本质是纯金融活动，被金融监管部门定性为非法集资', '所谓的ICO与技术再也没有一毛钱的交集，无非是换了面具的非法集资。', '有没有不挖矿、不投机的区块链实际投资呢？还真有。', '区块链本质就是一种保证信息记录存储真实性的技术，只要与信息传输真实性相关的产业需求理论上都是可以用上这一技术的，比如工厂质检、生态农产品、金融信托、医疗信息管理、论坛管理等等。', '一旦运用了区块链技术，信息在存贮中因为受管理员影响而失真的风险将大大降低。不过也要指出，区块链技术并不是全能的。他仅仅能提高信息在输入计算机后的真实性，而现实中的应用问题关键还是在输入计算机前的管理。以生态蔬菜为例，区块链能使得输入的产品信息不能再更改，但是不能保证蔬菜大棚管理员输入正确可靠的信息。', '区块链追溯农产品宣传', '紫辉创投创始人郑刚在接受《21世纪经济报道》采访过程中表示，他考察过三个追溯农产品全流程的区块链项目，都发现信息输入环节中不少农产品生产、运输、加工、零售环节的动态信息存在诸多错误，且区块链技术还找不到有效办法对这些数据源真实性进行核实。郑刚的体会说明，虽然区块链具有具有透明性和相对的“不可篡改性”，但与用户的痛点未必重合。', '而金融用途的区块链技术也难以进行业务拓展，由于区块链技术本身的限制，用户越多完成一次记录的时间越长。如果用于移动支付，到款的时间几乎肯定在十分钟以上，而支付宝只需要最多十几秒。区块链为了安全牺牲了速度，也就限制了其在金融、安全、国防领域的应用。', '然而对于普通人来说，目前“挖矿”仍是最基本的区块链应用与投资方向，按照之前的分析，通过计算“铸币”发行虚拟币是可以略微盈利的。但同时其门槛也很高，没有足够的高性能运算设备在“挖矿”中没有优势，这也是“矿工”的活动可以影响硬件价格的原因所在。', '与平均盈利水平不相称的是“挖矿”风险不低。新的硬件计算能力能够提高多大谁也说不准，没准下个月同样价格的“矿机”挖矿能力能高十几倍，高价买的计算设备在几个月内盈利能力“腰斩”在“矿工”群体中太常见了。', '同时虚拟货币的这种原始的发行方式同时也造成社会资源的极大浪费。这种浪费达到了令人不满的程度，以至于国外有团体推出了“质数币”，把计算大质数作为分配虚拟货币的依据，希望“挖矿”的人能够把质数币作为考虑对象，挖矿与贡献科学两不误。', '而参与虚拟货币炒作已经不是个“投资有风险，入市须谨慎”的问题了，组织ICO已经被央行定性为非法集资。对于参与虚拟货币炒作的人来说，这种“投资”与赌博的距离已经不大了。因为虚拟货币没有独立的管理机构，虚拟币交易所和媒体舆论实际上影响着某种币的价格走向。对于资本不太雄厚的投资者而言，面对的局势比股市中的“散户”还要差。', '预计之后会有一波投资“区块链”的热潮，但对于真正想投资技术的人而言，一定不要盲目地估计区块链技术的价值，只有做好了相应的配套，区块链技术才能发挥其价值。这也是习总书记强调“推动”“探索”的关键所在。', '区块链技术即使在本身的信息安全方面其实也存在系统性风险，同样值得研究。破解区块链可能需要攻破几十万至上千万台计算机，而对于黑客而言这也不是完全做不到，就看这背后的利益是不是足够大了。', '区块链行当里，有些从业者表面上与虚拟币划清界限，其周围的人或者粉丝都会有意无意的提到币，这无非是用比特币初期的造富神话来暗示自己的项目“钱景”广阔。希望这次中央的重视，能够引入社会上更强的技术、人才与资本，从而“良币驱逐劣币”，净化这一行业。']"
https://tech.163.com/19/1028/09/ESIKU6F4000998GP.html,['人民日报科普：划重点，区块链不等于比特币！'],"['\n                2019-10-28 09:44:09\u3000来源: ', '人民网-人民日报', '\n                ', '举报', '\n            ']","['\n                        （原标题：听说区块链又火了？人话版区块链知识点了解一下）\n                    ', '【听说区块链又火了？人话版区块链知识点了解一下】近日，区块链被公开点名，再次引发网友热议。一提到区块链，许多人第一反应就是比特币。划重点，区块链不等于比特币！比特币只是区块链技术的一种应用，区块链还有医疗卫生、食品安全、版权保护等诸多应用领域。']"
https://tech.163.com/19/1028/08/ESIGIRIP000998GP.html,['迅雷股价翻倍比特币破万 发展区块链并不是炒币'],"['\n                2019-10-28 08:28:03\u3000来源: ', '每日经济新闻', '\n                ', '举报', '\n            ']","['\n                        （原标题：迅雷股价翻倍比特币破万 发展区块链并不是炒币）\n                    ', '每经记者 刘永生 每经编辑 卢九安 何小桃 王嘉琦', '一夜之间，区块链行业迎来春天，同时带动相关概念股和虚拟货币大涨。', '上周五美股开盘后，中概股区块链板块集体走强，迅雷暴涨107.8%至4.82美元/股，创上市以来最大单日涨幅，股价刷新7个月的高位。与此同时，虚拟货币集体冲高，比特币6小时暴涨近1000美元，一度冲破10000美元大关，24小时涨幅逾30%。', '截至北京时间10月26日，比特币一度飙升至10339美元，次日又跌破10000美元关口，在9200美元附近维持窄幅波动。区块链行业被看好，虚拟货币市场首先启动，币圈一片狂欢，但专家表示，发展区块链并不是对炒币的认可。', '据新华社报道，中共中央政治局10月24日下午就区块链技术发展现状和趋势进行第十八次集体学习。', '关于虚拟货币与区块链的关系，以及本次虚拟货币的暴涨，《每日经济新闻》记者采访多位权威专家。', '赛迪区块链研究院院长刘权认为，对于区块链技术、应用，政府一直都是鼓励支持的。但对于利用区块链发行虚拟货币、炒作空气币，打着区块链旗号搞资金盘的，是坚决打击和禁止的。此番中央肯定的是区块链技术创新，鼓励技术应用和产业发展，并非虚拟货币的“春天”来了。', '中国银行法学研究会理事肖飒表示：“区块链技术前景广阔，我们认可这种技术对传统世界将产生重大影响。”不过，面对币圈的狂热气氛，他提醒到：“区块链技术的利好不等于对ICO及变相发币的认可，也请广大投资者谨慎观察，不宜盲从。”', '清华大学经济管理学院数字金融资产研究中心主任罗玫强调了发展区块链与炒币的区别。她表示，政府强调的是区块链技术的集成应用以及与产业的结合，驱动产业的发展与创新。比特币价格的短时上涨只是人们短时期过度反应，并不是政府强调的区块链产业发展的实质。比特币价格的短时上涨，是现在比特币存量资金对消息的反应，尤其是中国虚拟货币投资者的存量资金，并没有反映世界虚拟货币投资者的情绪反应，也没有反映增量资金。', '罗玫表示：“对于区块链技术的认识，我们既要看当前，又要看长远，既要看国内，又要看全球，这是一个很重要、未来会有突破的技术。在一系列政策的扶持下，区块链技术可以和我们当前的产业进行各种深度融合，长远来看，会为我们经济的发展助力。”', '我国政府高度重视区块链技术及产业发展。对此，华南区块链与大数据法治战略研究院院长齐爱民教授说：“我国高层领导的重视，为整个区块链产业发展指明了方向，也给广大区块链从业者与研究人员吃了一颗强心丸！”', '针对我国区块链产业未来的发展，齐爱民特别分析称。首先，我国要牵区块链的牛鼻子，赋能实体经济，抢占中国在区块链产业国际规则制定上的话语权，最终达到中国引领世界数字经济发展的目标。', '其次，我国在区块链技术领域具有扎实的专利基础，将区块链作为核心技术自主创新的重要突破口具有现实基础和产业支撑。从2019年1月可信区块链推进计划发布的《区块链专利态势白皮书（1.0版）》可以看出，区块链技术的投资规模不断扩大，全球的区块链专利数量不断攀升，其中我国的区块链专利数量增长速度尤为迅猛，目前已经超过了美国的区块链专利申请数量。', '特别需要强调的是，我国区块链专利申请主体排名前十的均为腾讯、百度等本土企业，并且申请人海外布局区块链专利的意识正在加强。与此同时，我们可以看到，相关的区块链专利布局不仅涉及金融领域，身份认证、防伪溯源、数据共享等领域的区块链专利布局也在逐步强化。', '再次，我国区块链技术、应用和产业的法律规范尚显空白，应当基于区块链产业发展的前期探索和实践从法制层面予以填补。我国目前仅有网信办制定的《区块链信息服务管理规定》作为区块链行业的具体规范。该规定的效力等级与仅24条的有限篇幅，无法涵盖并有效监管区块链相关行业的发展。基于区块链技术去中心化的核心特征与我国现行中心化的法律制度之间存在的矛盾，为了提升区块链技术与产业的合规化融合，实现区块链产业创新的目标以及对实体各个领域的有效带动，我国应当加快出台针对区块链相关产业的法律法规，为区块链产业的健康可持续发展提供强有力的法律保障。', '最后，区块链技术发展已日臻成熟，如何在区块链时代背景下有效运营区块链专利技术赋能相关实体产业，推动区块链产业经济的创新发展是摆在我国面前的重大机遇。', '区块链这么火，你搞清楚了它究竟是怎么一回事吗？', '据恒大研究院（任泽平连一席谢嘉琪甘源）报告介绍，狭义来说，区块链是一种将数据区块以时间顺序相连的方式组合成的、并以密码学方式保证不可篡改和不可伪造的分布式数据库（或者叫分布式账本技术，Distributed Ledger Technology，DLT）。分布式包含两层意思：一是数据由系统的所有节点共同记录，所有节点既不需要属于同一组织，也不需要彼此相互信任；二是数据由所有节点共同存储，每个参与的节点均可复制获得一份完整记录的拷贝。', '区块链可以视作一个账本，每个区块可以视作一页账，其通过记录时间的先后顺序链接起来就形成了“账本”。', '在记账方面，区块链不需要依赖一个中心机构来负责记账，节点之间通过算力或者权益公平地争夺记账权，这种竞争机制实际上是区块链与传统数据库最大的主要区别之一。通过“全网见证”，所有交易信息会被“如实地记录”，而且这个账本将是唯一的。', '在存储方面，由于网络中的每一个节点都有一份区块链的完整副本，即使部分节点被攻击或者出错，也不会影响整个网络的正常运转。', '在区块链中伪造、篡改账目基本是不可能的，不可篡改也意味着数据的高度一致性和安全性。', '那么，虚拟货币跟区块链有什么关系？简单地说，虚拟货币就是对“矿工”创建新区块的一种奖励。', '区块链如何为实体经济和金融系统“赋能”？恒大研究院总结为四点：范围广、跨主体、提效率、降成本。', '范围广：区块链技术能够广泛服务于金融和实体经济领域。几乎所有行业都涉及交易，都需要诚信可靠的交易环境作为行业健康发展的前提支撑。区块链通过数学原理而非第三方中介来创造信任，可以降低系统的维护成本。', '提效率、降成本：区块链能够融合实物流、数据流、信息流、资金流，简化验证、对账、审批、清算等交易流程，从而提升效率、降低成本。在部分场景中，区块链也能帮助实现数据确权、促进信息共享。', '跨主体：传统信息技术（如OA、ERP）提升了企业内部的协作效率，区块链技术则将协作范围进一步扩大到跨主体，通过保持各主体间账本的安全、透明与一致，从而切实降低各参与方的信息不对称性。']"
https://tech.163.com/19/1028/07/ESICAKSH000998GP.html,['上升为国家战略，区块链离我们有多远'],"['\n                2019-10-28 07:13:39\u3000来源: ', '第一财经', '\n                ', '举报', '\n            ']","['\n                        （原标题：上升为国家战略，区块链离我们有多远）\n                    ', '钱童心 周艾琳 祝嫣然 王海', '在区块链技术的发展上，中国正在抢占跑道。', '一个重大政策利好的释放，让区块链再次成为热议的话题。', '据新华社10月25日报道，中共中央政治局10月24日下午就区块链技术发展现状和趋势进行第十八次集体学习。集体学习强调，区块链技术的集成应用在新的技术革新和产业变革中起着重要作用。要把区块链作为核心技术自主创新的重要突破口，明确主攻方向，加大投入力度，着力攻克一批关键核心技术，加快推动区块链技术和产业创新发展。', '多位专家和业内人士对第一财经表示，在区块链技术的发展上，中国正在抢占跑道。中国企业越来越强调对最核心的“硬技术”的掌控，从政府政策引导来看，也更加鼓励企业进行区块链核心技术的自主创新。中国区块链专利申请数量目前已位居全球第一，区块链技术未来在金融、民生、政务等多领域将具有更为广阔的应用前景。', '与此同时，发展区块链绝非炒币。不仅各类代币发行融资（ICO）活动已被央行禁止，国家网信办还通过发布两批区块链信息服务备案清单，甄别和排除炒币企业。', '区块链本质上是一个去中心化的分布式账本数据库，其本身是一串使用密码学相关联所产生的数据块，每一个数据块中包含了多次交易有效确认的信息。', '去中心化的分布式储存带来公开与透明，也让数据直接产生价值；信息的不可篡改、可追溯性带来安全与诚实，也让人与人之间变得更加互信。区块链被认为是继互联网之后又一大浪潮，将作为基础设施为各行各业带来巨大的变革机会。', '目前，全球主要国家都在加快布局区块链技术发展。上述讲话强调，要强化基础研究，提升原始创新能力，努力让我国在区块链这个新兴领域走在理论最前沿、占据创新制高点、取得产业新优势。“最前沿”“制高点”“新优势”，三个词无疑说明中国在区块链竞争领域的目标确定而唯一：就是争夺第一。', '博望财经创始人姚博海称，目前世界各国的区块链技术和产业均处于快速发展的早期阶段，没有哪个国家存在绝对的优势，这正是中国在科技领域实现“弯道超车”的重要机会。', '在中央政治局集体学习上做讲解的浙江大学教授、中国工程院院士陈纯，10月12日在由中国计算机学会主办的2019CCF区块链技术大会上表示，国内区块链产业发展正迎来“春风”，中国区块链技术的研究热点将集中于联盟区块链的关键技术、区块链监管技术两个方面。', '我国在区块链领域拥有良好基础。在此前一系列的政策扶持下，区块链技术和产业发展迅速，并开始与各行各业融合。', '国务院2016年印发《“十三五”国家信息化规划》，将区块链技术列为战略性前沿技术。2018年6月，工信部印发《工业互联网发展行动计划（2018-2020年）》，鼓励区块链等新兴前沿技术在工业互联网中的应用研究与探索。', '中国在区块链技术方面的专利申请数量近年来位居全球首位。中国金融认证中心（CFCA）去年年底发布的《2018中国电子银行调查报告》显示，目前全球已有的区块链相关专利申请，超过半数来自中国，截至2017年底，专利申请量超过1200件，反超美国，成为第一。', '目前，前三大互联网巨头阿里巴巴、腾讯和百度都在尝试落地区块链技术及涉及较为基础的技术开发，例如百度超级链平台、蚂蚁区块链BaaS平台、腾讯云TBaaS区块链服务平台等。', '中国平安、万向控股、恒生电子等多家A股上市公司在金融、能源、物流、交通、贸易、版权等区块链应用领域也有广泛布局。', '央企亦在区块链领域多有涉足，并积极与互联网企业合作。比如，10月27日，国家电网公布，全资子公司国网区块链科技(北京)有限公司已正式成立，将与其泛在电力物联网建设高度契合，推动上下游产业互信，实现数据高效共享，提升风险防范能力。', '区块链技术还被应用到政务服务中，通过实现身份信息数据共享，将省去大量重复填写个人信息的时间，业务办理将更加便捷。', '以浙江省为例，该省正在深化“最多跑一次”改革。浙江省大数据局副局长蒋汝忠对第一财经记者表示：“我们要探索利用区块链数据共享模式，实现政务数据跨部门、跨区域共同维护和利用，促进业务协同办理，为人民群众带来更好的政务服务体验。”', '上海区块链公司唯链创始人CEO陆扬表示：“区块链未来在教育、就业、养老、精准扶贫、医疗健康、商品防伪、食品安全、公益和社会救助等方面的应用价值会逐步显现出来。”', '区块链目前最主要的应用场景在金融领域。2018年全球区块链市场份额中，金融业所占份额最大，为60.5%。', '目前国内包括中农工建等在内的多家银行，已经将区块链技术运用于脱贫基金管理、跨境与跨行、信用证、供应链金融等领域。', '恒大研究院任泽平认为，以跨境支付、全球贸易物流、供应链金融、征信四个具有代表性的应用场景为例进行分析，区块链能够融合实物流、数据流、信息流、资金流，简化验证、对账、审批、清算等交易流程，从而提升效率、降低成本，在部分场景中，区块链也能帮助实现数据确权、促进信息共享。', '除了上述实践领域，区块链另一个大受关注的领域就是央行数字货币。', '央行结算司副司长穆长春在8月10日的第三届中国金融四十人伊春论坛上表示，“双层运营体系”将是DC/EP（数字货币/电子支付）的一大特点，它是指央行先把数字货币兑换给银行或其他运营机构，再由这些机构兑换给公众。为了保证央行数字货币不超发，商业机构需要向央行全额、100%缴纳准备金，央行数字货币依然是中央银行负债，由中央银行信用担保，具有无限法偿性。也可以提高商业机构的积极性，更利于民众对数字货币的接受。', 'IMF（国际货币基金组织）货币和资本市场部主任托比亚斯表示，中国很可能成为第一个发行中央银行数字货币的国家。', '最新的政策利好也让市场一片狂欢。', '上周五晚美股开盘后，迅雷暴涨107.8%，不少概念股也已“蠢蠢欲动”。比特币突破1万美元大关。', '不过，专家提醒，区块链技术仍然在发展初期，实践应用也停留在试水阶段，投资者要警惕过度炒作概念的风险。', '同时，发展区块链更不是炒币。2017年9月4日，七部委发布了《关于防范代币发行融资风险的公告》，ICO被定性为“非法公开融资”并被叫停。时任央行金融研究所所长孙国峰表示，“区块链本身是好技术，要把区块链技术和ICO区分开来。”', '监管也正通过备案清单淘汰炒币企业。今年10月，国家网信办发布第二批区块链信息服务备案清单，共309个境内区块链信息服务名称及备案编号，区块链信息服务提供者应当在其对外提供服务的互联网站、应用程序等显著位置标明其备案编号。', '普华永道中国合伙人张俊贤对第一财经记者表示：“打着区块链旗号的务虚的公司和项目，如果还像以前一样再通过发币去募资圈钱的话，会面临很大的执法力度。现在通过备案和现场核验等方式，已经能把利用区块链对实体经济做实做强的企业辨别出来了，同时把炒币的企业排除在外。”']"
https://tech.163.com/19/1026/09/ESDEOV53000998GP.html,['人民网董事长：“三种眼光”读懂区块链的今天和明天'],"['\n                2019-10-26 09:20:14\u3000来源: ', '人民网', '\n                ', '举报', '\n            ']","['\n                        （原标题：人民网叶蓁蓁：“三种眼光”读懂区块链的今天和明天）\n                    ', '叶蓁蓁', '10月24日下午，中共中央政治局就区块链技术发展现状和趋势进行第十八次集体学习。习近平总书记在主持学习时强调，区块链技术的集成应用在新的技术革新和产业变革中起着重要作用。我们要把区块链作为核心技术自主创新的重要突破口，明确主攻方向，加大投入力度，着力攻克一批关键核心技术，加快推动区块链技术和产业创新发展。', '2018年5月28日，中国科学院第十九次院士大会、中国工程院第十四次院士大会在北京人民大会堂隆重开幕。中共中央总书记、国家主席、中央军委主席习近平出席会议并发表重要讲话。新华社记者 鞠鹏 摄', '2018年5月28日，习近平总书记在中国科学院第十九次院士大会、中国工程院第十四次院士大会上发表的重要讲话中，将区块链与人工智能、量子信息、移动通信、物联网一道列为新一代信息技术代表。不久前，中共中央、国务院印发的《关于支持深圳建设中国特色社会主义先行示范区的意见》中，明确提出要支持在深圳开展数字货币研究与移动支付等创新应用。', '在一系列的政策扶持下，区块链技术在我国迅速发展并与各行各业深度融合。如今，以创造社会价值、赋能实体经济为核心已成为大势所趋。对于区块链的认识，我们也要与时俱进：既要讲当前，更要讲长远；既要看国内，更要看全球；既要防风险，更要促发展，特别对于其在建设网络强国、发展数字经济、助力经济社会发展等方面的巨大作用更要有深刻、系统、完整的认识。', '第一，要用发展的眼光看区块链技术，不能低估它的明天。必须落实总书记部署，把区块链作为核心技术自主创新的重要突破口。', '在过去二十多年中，互联网全面融入社会生产生活，引领世界发生了巨大变革。但由于技术的历史局限，网络世界的公平性、价值性、安全性等基础问题，长期以来都未得到圆满解决，甚至由此派生出许多危害公共治安、社会伦理、国家安全的问题，成为现实社会新的顽疾。因此，在互联网世界内部开展一场深刻的技术变革，比过去任何时候都显得更加必要、更加迫切。', '区块链的技术特性或许恰好能呼应这种需求。本质上讲，区块链就是一套治理架构，其核心是基于多种技术组合而建立的激励约束机制。它通过集成分布式数据存储、点对点传输、共识机制、加密算法等技术，对计算模式进行颠覆式创新，大幅提高“作恶”门槛。此外，区块链还通过设置激励机制，推动“信息互联网”向“价值互联网”“信任互联网”变迁，从而充分挖掘内部的积极力量，维护网络世界的生态秩序，进而实现更加良性的治理架构，有效赋能国家治理体系和治理能力现代化建设，因此被广泛认为可能引起一场全球性的技术革新和产业变革。', '第二，要用科学的眼光看区块链标签，不能高估它的今天。我国在区块链领域拥有良好基础，要加快推动区块链技术和产业创新发展，积极推进区块链和经济社会融合发展。', '2008年诞生的区块链，原本是信息技术家族中“养在深闺”的新成员。因近年来数字货币受到大量资本炒作，作为数字货币底层技术的区块链才被人们广泛认知。然而，当“币价”持续下跌，投机热情退却之后，我们发现，仅靠资本并不能铺就技术发展的星光大道。', '与任何技术一样，区块链同样有其自身发展的客观规律。受内外因素共同影响，往往只有在不断更新迭代，实现性能成熟、稳定，并与其他技术逐渐结合、与上层建筑反复磨合之后，才能实现广泛应用。正如习近平总书记所指出，要抓住区块链技术融合、功能拓展、产业细分的契机，发挥区块链在促进数据共享、优化业务流程、降低运营成本、提升协同效率、建设可信体系等方面的作用。唯有如此，区块链的巨大潜在价值才能充分释放出来。', '第三，区块链技术的集成应用在新的技术革新和产业变革中起着重要作用，要继续用战略的眼光看区块链产业。发展区块链可能面临监管上的风险，但不发展区块链则可能陷入长期落后的危险。', '习近平总书记强调，要加强对区块链技术的引导和规范，加强对区块链安全风险的研究和分析，密切跟踪发展动态，积极探索发展规律。', '当前，发展区块链确实可能面临监管上的风险，但早期的监管问题必定是前沿技术走向大规模应用普遍面临的问题。全球科技创新正处于空前密集活跃的时期，世界主要国家目前都把信息技术作为谋求竞争新优势的战略方向。围绕信息技术制高点的国际竞争已呈现日趋复杂化、白热化的迹象，甚至与贸易争端、外交博弈、军事角力相交织。因此，区块链等信息技术前沿领域的发展情况与未来的国际竞争格局密切相关。如果不发展区块链，我们就可能陷入长期落后的危险。因此，监管体系的设置必须尊重技术发展规律，着眼全球、着眼未来竞争，将防风险与促发展有机结合。', '我国必须走在区块链发展的前列。这需要政府、企业、学界、媒体，乃至社会各界通力协作、齐心努力，惟其如此，方能使区块链成为我国核心技术自主创新的重要突破口，真正发挥其在新的技术革新和产业变革中的重要作用，并助力提升国家治理体系和治理能力的现代化水平。']"
https://tech.163.com/19/1026/09/ESDEDTB1000998GP.html,['区块链界狂欢！比特币6小时暴涨近1000美元'],"['\n                2019-10-26 09:14:11\u3000来源: ', '每日经济新闻', '\n                ', '举报', '\n            ']","['\n                        （原标题：区块链界狂欢！比特币6小时暴涨近1000美元）\n                    ', '据新华社10月25日报道，中共中央政治局10月24日下午就区块链技术发展现状和趋势进行第十八次集体学习。中共中央总书记习近平在主持学习时强调，区块链技术的集成应用在新的技术革新和产业变革中起着重要作用。我们要把区块链作为核心技术自主创新的重要突破口，明确主攻方向，加大投入力度，着力攻克一批关键核心技术，加快推动区块链技术和产业创新发展。', '图片来源：Wind', '北京时间10月25日晚间美股开盘，美股区块链概念股纷纷大涨，中概股迅雷高开20%，盘中一度暴涨近70%。此外，截至北京时间26日0：15，Venzee Technologies Inc大涨超50%、360区块链涨幅超过20%、Riot Blockchain Inc一度大涨9.49%……《每日经济新闻》记者还注意到，不仅仅是区块链概念股在大涨，以区块链为底层技术的各类加密货币也在昨日晚间纷纷暴涨。例如，比特币在短短6个小时内暴涨近1000美元，在北京时间26日凌晨1：15最高录得8701美元。', '图片来源：Coindesk', '以太坊也直线拉升近13美元：', '图片来源：Coindesk', '《每日经济新闻》记者注意到，其实中国在对区块链技术和加密货币的监管方面一直处于前沿，但此前对比特币等虚拟货币一直持谨慎态度。2017年9月，7部门发布了《关于防范代币发行融资风险的公告》，直指野蛮生长的代币融资行为。明确表示将ICO（首次代币发行）定性为一种未经批准的非法公开融资行为，涉嫌非法发售代币票券、非法发行证券以及非法集资、金融诈骗、传销等违法犯罪活动，应予以全面整顿，坚决治理市场乱象。', '另一方面，在区块链技术发展方面，2018年，新华社刊文直接点出区块链对普通百姓生活带来的潜在好处：“区块链为智能合约的实现创造了条件，比如根据协议，飞机延误可以获得赔偿，但执行起来需要申请、审核等繁琐程序，而区块链支持下的智能合约可以实现一旦发生延误即自动执行，这种效率提高可能彻底改变很多领域合约执行现状。再比如区块链可能会让分享经济真正迎来春天，在与物联网结合中，在解决信任问题后，每个企业的厂房、设备，每个人的汽车、电动车充电桩都可以在区块链应用下，拿出来放心共享，降低整个社会的运行成本。”', '金溢科技：公司目前已开展智能交通领域的区块链理论与应用研究，具体上将与专业机构展开ETC与交通大数据区块链研究，就目前背景下结合国密技术与区块链技术，保障数据传输与存储安全，数据不可篡改，高速路防逃费，形成交易与车辆行驶路径链条化。', '中国长城：2017年公司在新兴的区块链数字货币挖矿机市场中，依托强大的技术储备和完善的资源整合能力，长城千瓦级的巨龙系列电源独占鳌头，以近80%市场占有率力压群雄，成为事实上中国数字矿机高性能电源的标杆产品。', '梦网集团：2018年7月24日，梦网集团董事长余文胜宣布与区块链专家李剑波一起建立梦网区块链事业部。区块链事业部成立后主要聚焦于企业级应用服务及电信业务的区块链技术，打造一个符合行业应用、低接入门槛、安全独立易于使用、可规模化商用的区块链底层开源平台。', '顶点软件：公司的新一代金融资产交易系统有采用区块链平台技术、电子签名等新技术。', '北信源：公司在信息安全领域拥有非常深厚的技术积淀，作为一家高科技企业，公司积极关注研究区块链产业动态及发展方向。公司战略研发团队就新兴的技术和方向始终保持持续深入的研究和储备。', '聚龙股份：公司利用区块链技术实现款包调转信息验证及信息安全，确保信息安全全部清分信息（包括冠字号）集成到鞍山银行业现金流通物联网平台建立大数据平台。推出基于区块链技术的人民币流通管理解决方案。', '四方精创：公司于IBM有《业务合作协议》，并以此为起点希望运用云计算技术及设计思考（Design Thinking），推动区块链在香港及银行业的发展。此项合作内容包含在公司总部成立四方精创区块链创新中心，运用IBM云计算 （IBM Cloud） 及设计思考 （Design Thinking） 进行开发概念验证及测试，双方将组成区块链专家团队，协助客户的解决方案开发。公司通过与IBM合作，将可迅速掌握关键的区块链技术，在跨国及跨境的创新金融科技应用中发挥作用。', '御银股份：2016年4月13日公司在互动平台上表示，区块链技术由于最近互联网金融和在支付行业的应用得以引起广泛关注，相对于集中模式，它能够更加快速、有效、低成本解决信用认证的问题，目前公司有组织团队进行研究，希望将利用区块链技术在信息安全及身份识别领域的应用机会来提高公司产品的安全和效率。', '创维数字：公司在互动平台表示，目前区块链综合性的存储、云、大数据等技术应用在研究、开发中，希望是未来能运用于互联网OTT用户运营及供应链中供应商大数据、结算等。', '华软科技：旗下“简链”平台获国家网信办区块链信息服务备案。近日，由公司旗下华软金科自主研发的智能产融平台“简链”区块链应用，成功入选了国家互联网信息办公室最新一批境内区块链信息服务备案项目。']"
https://tech.163.com/19/1024/07/ES851OS7000998GP.html,['扎克伯格：如果美国不创新，金融领导地位难保'],"['\n                2019-10-24 07:54:04\u3000来源: ', '网易科技报道', '\n                ', '举报', '\n            ']","[""\n                        （原标题：Facebook's Zuckerberg grilled in U.S. Congress on digital currency, privacy, elections）\n                    "", '网易科技讯 10月24日消息，据国外媒体报道，当地时间周三，Facebook公司首席执行官马克・扎克伯格(Mark Zuckerberg) 在美国国会众议院金融服务委员会举办的听证会上承认，该公司计划推出的数字货币天秤币（Libra）是一个“风险项目”。但他也在试图打消持怀疑态度的国会议员，声称该项目将会降低电子支付的成本，并向更多的人开放全球金融体系。同时他还表示，中国也在采取迅速动作，计划在接下来几个月内推出类似项目，如果美国不创新，美国的金融领导地位将难以保证。', '在该听证会上，扎克伯格还直接面对了有关选举干扰、言论自由、仇恨团体和来自美国民众的假新闻等咄咄逼人的问题问询。', '就Facebook在2020年11月的美国总统大选之前，有关打击虚假信息和误导选民的措施，民主党人议员、该委员会主席马克辛・沃特斯（Maxine Waters）向扎克伯格提出了质询。此外，她还建议决策者考虑分拆Facebook。', '此前，沃特斯曾呼吁在天称币项目于2020年启动之前停止该项目。她还起草了关于禁止科技公司进入金融服务领域的一项立法。', '沃特斯向扎克伯格表示，“在进一步推进天称币项目之前，如果Facebook能够集中精力解决自身存在的诸多缺陷和失败问题，对所有人都将有好处。”两天前， Facebook声称已经删除了Instagram平台上许多针对美国选民的俄罗斯帐户。', '共和党和民主党议员都谴责Facebook未能打击网络上有损儿童的信息、政治误导信息，也未能解决数据隐私漏洞问题。有的议员表示，鉴于过去的丑闻，他们不相信Facebook能够帮助其24亿用户提供金融服务。', '民主党议员尼迪亚・韦拉斯克斯（Nydia Velazquez）表示，“长期以来，Facebook的内部运作模式是‘行动迅速，破坏事物。’扎克伯格先生，我们不想破坏国际货币体系。”', '扎克伯格表示，必须在获得美国政府监管机构批准之后，Facebook才会推出天秤币。天秤币由一个瑞士财团建立，包括风险投资公司和非营利组织。他表示，如果其他公司在未经许可的情况下推出这种货币，Facebook将会退出天秤币协会（Libra Association）。', '近几周来，天秤币一直受到全球立法者和监管机构的批评，他们称，天秤币可能助长洗钱，并颠覆全球金融体系。包括万事达卡(Mastercard)、Visa、PayPal和eBay在内的几家金融合作伙伴，都已经退出了天称币项目。', '共和党人议员安・瓦格纳(Ann Wagner)追问扎克伯格称，为什么这么多公司放弃了天秤币项目的努力。“失去了这些稳定的伙伴，我觉得这很令人担忧。”她说，“为什么这些创始成员中，有很多表现出的担心是，天称币能够达到反洗钱要求和监管的标准吗？。”', '这位35岁的Facebook首席执行官承认，这些公司之所以退出，是因为天秤币是一个“高风险项目”，他甚至不确定它会不会奏效。', '扎克伯格上一次出现在国会是在2018年4月，当时他在参众两院两天的时间里，就政治咨询机构剑桥分析公司(Cambridge Analytica)滥用Facebook客户数据来干预2016年美国总统大选的事件，回答了10个小时的问题。', '这次他又身处对他充满敌意的国会听证会上。当地时间周三，他承认Facebook的失误，声称这家社交媒体巨头并不是天秤币项目的“理想使者”，而且该公司“需要做些工作来建立信任”。但他表示，过去的失误不应妨碍天秤币项目的推进。', '“这个项目的愿景是，让人们能够像发送短信一样轻松、廉价地相互汇出资金。”', '不过，扎克伯格无法代表天秤币项目做出实质性承诺，因为Facebook不再控制该项目。', '在10月14日，由21家成员组成的天秤币协会，按照瑞士法律的要求，制定了该协会的管理规则。有关天称币的大多数决策，都需要该组织的多数投票，这意味着Facebook失去了对天称币的控制权。', '议员们还触及了其他热点问题，包括住房监管机构3月份提出的多样性、包容性和对Facebook违反公平贷款法的指控。', '民主党人众议员乔伊斯・比提(Joyce Beatty)在严厉批评扎克伯格时认为，Facebook处理侵犯公民权利的努力是不够的，称Facebook实施了“骇人听闻、令人厌恶的”行为。', '但是，一些共和党人对扎克伯格和天秤币项目则给予支持，他们认为政府不应该阻止私营部门的创新。', '扎克伯格称，中国正在开发类似的项目，如果美国速度缓慢，美国在世界金融领导者地位可能受到挑战。扎克伯格表示，“当美国在辩论的时候，其他国家却在努力。中国正采取行动推进类似的想法，如果美国不创新，我们的金融领导地位就不保。”', '国会众议院金融服务委员会共和党人议员帕特里克・麦克亨利(Patrick McHenry)表示，“对于Facebook和天秤币，以及大型科技公司的缺点，我有自己的疑虑，”但是，如果说历史已经教会了我们一些事情的话，那就是最好我们还是支持美国的创新。（天门山）']"
https://tech.163.com/19/1023/08/ES5JEQG8000998GP.html,['扎克伯格：美国政府不批准，Facebook不会推天秤币'],"['\n                2019-10-23 08:08:09\u3000来源: ', '网易科技报道', '\n                ', '举报', '\n            ']","['\n                        （原标题：Facebook CEO Says Libra Won’t Launch Until U.S. Approves）\n                    ', '网易科技讯 10月23日消息，据国外媒体报道， 全球最大社交网络公司Facebook首席执行官马克・扎克伯格(Mark Zuckerberg)，计划当地时间周三在美国国会众议院金融服务委员会听证会上，为Facebook公司的天秤币（Libra）项目进行辩护，并表示未经美国政府批准，不会推出这种加密货币。', '在该听证会举行之前，扎克伯格在事先准备好的讲话稿中辩称，Facebook正寻求为现有的跨国汇款方式提供一个负担得起的解决方案。', '“人们支付的费用太高，而且要等得太久，才能把钱寄回家。”扎克伯格在该讲话稿中写道，“目前的系统让他们感到失望。”', '此次听证会内容将聚焦于Facebook对金融服务和住房行业的影响，因此天秤币将是一个主要焦点。不过，听证会所关注的问题也可能会涉及该公司其他已经引起争议的话题，包括用户隐私、选举广告和有定向广告业务等。', '天秤币一直受到政治家和立法者的强烈批评。今年7月，负责天秤币项目的高管戴维・马库斯(David Marcus)在众议院金融服务委员会同样话题的听证会上作证时，感受到听证会主要担心之一就是Facebook对天秤币项目的深度参与。监管机构提出的其他问题包括，天秤币可能成为各国政府监控不力的一种货币――这将会导致犯罪活动；另外，是否值得信任而让Facebook拥有平台上交易产生的数据。', '“这些是需要建设的东西，但我知道我们现在不是理想的信使，”扎克伯格在他的讲话稿中写道，“在过去的几年里，我们面临了很多问题，我敢肯定，即使Facebook不做这件事，人们也都会希望其他人提进这一想法。”', '扎克伯克警告称，如果Facebook无法建立一种新的全球密码货币，中国等其他国家的科技公司可能会介入，他们会利用这一机遇。', '“当我们讨论这些问题时，世界其他国家并不在等待。”他写道，“如果美国不创新，我们的金融领导地位就得不到保证。”', '该加密数字货币管理机构天秤币协会（Libra Association）于上周正式成立，这意味着Facebook现在是这个协会的21个成员之一。按照协会成立规定，协会每个成员对重要决策拥有同等的投票权。实际上，这意味着从技术上讲扎克伯格将无法对该货币或其推出做出承诺。', '“我们不希望成为向前推进这些努力的领导。”扎克伯格在这份证词讲话稿中表示，“天秤币协会已经成立，有一个治理结构，并将从现在起推动该项目。”', '但他强调，在美国政府监管机构批准之前，Facebook不会在全球任何地方推出天秤币支付系统。他写道，“上一次我在国会作证时，我谈到要更广泛地看待我们的责任。这其中包括，确保我们的服务被用于好事，防止造成伤害。”', '众议院金融服务委员会对扎克伯克的关注度很高，因为他的公司仍然是天称币项目的核心。他在该委员会听证会上将能够讨论的一件事是，Facebook计划如何将这种新数字货币整合到现有产品中，比如WhatsApp和Messenger移动应用。Facebook公司旗下总共拥有四个独立的数字平台，每个平台至少有10亿用户，而其主社交网络平台的用户数量超过20亿。', '众议院金融服务委员会成员、来自俄亥俄州的共和党众议员沃伦・戴维森(Warren Davidson)表示，“Facebook从用户的活动中获得了大量数据，他们现在要把这个数据库和金融交易混在一起了吗？”', '自今年6月推出该项目以来，Facebook一直受到攻击。但是，Facebook仍试图将注意力集中在天称币项目的主要目标上，即满足国际货币转移领域的实际需求。', '人们比以往任何时候都更多地在向低收入和中等收入国家汇款，但汇款费用却很高。据世界银行今年4月份的一份报告，2018年流向这些国家的汇款总额达到了5290亿美元，比2017年创纪录的4830亿美元增加了近10%。该报告称，在此期间，国际汇款200美元的费用高达7%。世界银行称，利用银行通常是最昂贵的汇款方式，2019年第一季度其平均手续费达11%。（天门山）']"
https://tech.163.com/19/1021/07/ES0E01CN000998GP.html,['FB高管：Libra可细化分类 分美元、欧元及英镑版'],"['\n                2019-10-21 07:56:29\u3000来源: ', '网易科技报道', '\n                ', '举报', '\n            ']","['\n                        （原标题：Amid growing skepticism about Libra, David Marcus says the group may consider stablecoins pegged to national currencies, instead of the coin it has proposed）\n                    ', '网易科技讯 10月21日消息，据路透社报道，由于加密货币Libra项目受到越来越多质疑，Facebook负责该项目的高管大卫・马库斯(David Marcus)日前表示，Libra可通过与不同法定货币挂钩，细分为美元稳定币、欧元稳定币以及英镑稳定币等，而不是最初提议的充当综合性稳定币。', '马库斯表示，天秤币协会的主要目标仍然是创建更高效的支付系统，但它对寻找使用Libra的替代方法持开放态度。他说：“我们绝对可以通过拥有多种不同的稳定币来实现这个目标，这些稳定币以数字代币形式代表各国货币，这是应该考虑的选项之一。”', '但马库斯澄清说：“这并不是说与法定货币挂钩的稳定币是该协会新的最佳选择。我们关心的是如何实现最初使命，有很多方法可以提供帮助，但Libra需要展示出灵活性”。', 'Facebook提议的Libra项目本月早些时候遭遇重大挫折，创始成员Strive、eBay、PayPal、Mastercard、Visa以及Booking Holdings先后退出。全球政策制定者和监管机构还担心，创建全新的综合性全球加密货币可能会颠覆全球金融体系，威胁用户的隐私，并为洗钱提供便利。', '马库斯表示，Facebook的目标仍然是在2020年6月推出Libra，但承认由于面临监管障碍，可能无法按计划实现这一目标。他说：“除非我们解决了所有合理的担忧，并获得适当的监管批准，否则我们可能无法实现预期目标。”（小小）']"
https://tech.163.com/19/1020/14/ERUJOV3H000998GP.html,['央行副行长范一飞：将推动不同APP和条码的互认互扫'],"['\n                2019-10-20 14:59:00\u3000来源: ', '新京报', '\n                ', '举报', '\n            ']","['\n                        （原标题：范一飞：为创新产品划定刚性法律底线，设定柔性管理边界）\n                    ', '新京报讯（记者 陈鹏 程平）“为创新产品划定刚性法律底线，设定柔性的管理边界，预留充足的发展空间。”在10月20日的第六届世界互联网大会金融科技分论坛上，谈及下一步金融科技监管工作时，中国人民银行副行长范一飞提到，人民银行立足中国实际，建立健全金融科技监管基本规则体系，打造中国版监管沙箱，加快构建“机构自治、行业自律、社会监督、政府管理”协同共治的治理格局。', '对于做好下一步金融科技监管工作，范一飞提出了“四个坚持”的意见，包括坚持规划先行，做好金融科技的顶层设计；坚持问题导向，强化金融创新管理；坚持科技赋能，提升金融风险技防能力；坚持守正创新，引导新兴技术规范应用。', '“不以规矩，不成方圆，没有系统完备的制度安排，产品创新就可能走向偏航”。范一飞说，人民银行立足中国实际，建立健全金融科技监管基本规则体系，打造中国版监管沙箱，加快“机构自治、行业自律、社会监督、政府管理”协同共治的治理格局，为创新产品划定刚性法律底线，设定柔性的管理边界，预留充足的发展空间。他表示，下一步将出台一系列监管规则，营造良好竞争环境。', '在引导新兴技术规范应用方面，范一飞表示，“科技本身是中性的，用在何处、如何使用完全取决于人。金融业要充分发挥标准规范引领作用，把好安全关口，记牢合规准绳，在安全合规前提下让合理应用金融技术赋能金融提质增效。”提及支付行业时，范一飞表示，将进一步加快制定条码支付互联互通标准，统一监管规则，推动实现不同APP和条码的互认互扫。', '新京报记者 陈鹏 程平', '编辑 刘晓阳 校对 李世辉']"
https://tech.163.com/19/1020/14/ERUJIK4A000998GP.html,['浙大校长吴朝晖：数字货币是前沿 但也有超发风险'],"['\n                2019-10-20 14:55:32\u3000来源: ', '新京报', '\n                ', '举报', '\n            ']","['\n                        （原标题：直击乌镇｜吴朝晖：数字货币存超发、挤兑及隐私泄露风险）\n                    ', '新京报讯10月20日，第六届世界互联网大会开幕式在浙江乌镇举行。中国科学院院士、浙江大学校长吴朝晖在“金融科技――深度融合・多向赋能”论坛上表示，数字货币正在成为金融科技的发展前沿，但数字货币也存在超发、挤兑及隐私泄露的风险。', '2019年6月18日，美国互联网公司Facebook发布了新的基于国际支付的数字货币白皮书。吴朝晖提到，数字货币可应用于跨境支付业务等应用场景。他指出，数字货币的优势或将体现在主体信用、组织架构、币值稳定等方面。', '“我们的发展目标应为，建立更低成本、更易进入、联系更紧密的全球金融系统。”吴朝晖称，人工智能正加快重塑金融科技领域，未来已来，各方应共同努力，携手推动“人工智能＋金融”的创新发展。', '新京报记者 程平 陈维城 编辑 任婉晴 校对 刘军']"
https://tech.163.com/19/1017/07/ERM3ACHR000998GP.html,['FB：一旦解决监管问题 上百家金融机构会支持天秤币'],"['\n                2019-10-17 07:37:30\u3000来源: ', '网易科技报道', '\n                ', '举报', '\n            ']","['\n                        （原标题：Facebook executive confident Libra will win enough financial backers）\n                    ', '网易科技讯 10月17日消息，据国外媒体报道，Facebook数字货币Libra项目负责人当地时间周三表示，Facebook公司仍然预计，一旦解决了监管问题，该项目仍将会获得100家银行和金融公司的支持。此前，PayPal、Visa和万事达卡（Mastercard）等几家知名合作伙伴已经离开了Libra项目。', '在华盛顿召开的国际货币基金组织(IMF)会议期间的一个小组会议上，Libra项目负责人戴维・马库斯(David Marcus表示，“对于已经升高的监管忧虑问题，我们需要时间来加以解决，我们有责任和义务来回答所有这些问题。”', '“我认为，一旦我们解决了这些问题，我们就会看到更多的银行和传统金融服务公司加入进来。”马库斯还表示，考虑到目前环境氛围和压力，受监管的大型金融公司很难“现在就积极参与进来”。', '最近几天，Facebook雄心勃勃的建立该全球性数字货币的努力遭遇严重挫折。除了上述提及的退出Libra项目之外，从该数字货币项目退出来的其它公司还包括，Stripe、eBay和Booking Holdings。支付服务提供商', 'PayPal', '本月初已经表示，它将离开Libra项目。', '此前，对Libra可能颠覆全球金融体系、威胁用户隐私和便利洗钱等问题，美国和欧洲的全球政策制定者以及监管机构已经表示出强烈的忧虑。', '当地时间周三，美联储理事莱尔・布拉纳德(Lael Brainard)再次强调了上述担忧。她在华盛顿的另一项活动中表示，Libra项目“必须解决一系列核心法律和监管的挑战”才能启动。', '截止目前为止，没有任何一家大型支付服务公司为Facebook的Libra项目提供支持，该项目将于2020年6月推出。', '马库斯在国际货币基金组织会议上表示，全球大约1600家实体最初曾表示有兴趣加入Libra项目，该项目在推出时会达到拥有100家成员的目标，这个应该“没有问题”。', '目前，Libra协会中剩余下来的成员还有21个。该协会周一在日内瓦举行了成立大会，并选出了一个由5名成员组成的董事会。', '马库斯表示， Libra项目将花费时间来建立自己的员工队伍，以解决监管问题，不能老是打着Facebook这面旗子。（天门山）']"
https://tech.163.com/19/1015/10/ERH6USO7000998GP.html,['1/4成员退出后，天秤币协会召开首届会议成立董事会'],"['\n                2019-10-15 10:04:55\u3000来源: ', '澎湃新闻', '\n                ', '举报', '\n            ']","['\n                        （原标题：四分之一初始成员退出后，天秤币协会召开首届会议成立董事会）\n                    ', '澎湃新闻', '包括支付巨头PayPal在内的四分之一初始成员退出后，天秤币协会还是如期召开了首届会议，并选举出了董事会。', '当地时间10月14日，天秤币协会首届会议在瑞士日内瓦举行。21家天秤币协会创始成员签署了天秤币协会章程，形成了天秤币协会理事会，并选举了由5人组成的董事会。', '天秤币（Libra）项目由国际社交巨头Facebook（脸书）在6月18日推出。此后便一直遭受来自政府部门有关洗钱、个人隐私、国家安全等方面的质疑，这也是四分之一初始成员选择退出的主要原因。', '天秤币协会的初始成员有28家，在10月4日PayPal宣布退出天秤币项目后，又有6家机构在此次首届会议召开之前陆续退出。这7家机构包括Mastercard（万事达）、Mercado\n Pago、PayPal（贝宝）、Stripe、Visa（维萨）等5家支付机构和Booking \nHoldings、eBay等两家科技公司。这也意味着，天秤币协会目前成员中，只剩一家支付机构PayU，该机构总部位于荷兰，为Naspers旗下金融科技品牌。', '具体来看，参与签署天秤币协会章程的这21家创始机构包括：', '?支付业： PayU (Naspers旗下金融科技品牌)；', '?技术和市场： Facebook/Calibra、Farfetch、Lyft、Spotify、Uber；', '?电信业： Iliad（伊利亚特）、Vodafone（沃达丰）；', '?区块链服务：Anchorage、Bison Trails、Coinbase、Xapo；', '?风险投资：Andreessen Horowitz、BreakthroughInitiatives、RibbitCapital、Thrive Capital、Union Square Ventures；', '?非营利性、多边组织和学术机构：Creative Destruction Lab、Kiva、Mercy Corps、Women’s World Banking。', '5人董事会成员则分别为脸书区块链业务负责人David\n Marcus、Andreessen Horowitz普通合伙人Katie Haun、Xapo首席执行官Wences \nCasares、PayU总法律顾问Patrick Ellis和Kiva首席战略官Matthew \nDavie。天秤币协会董事会是代表天秤币协会理事会的监督机构，为协会执行团队提供运营指导。', '与此同时，天秤币董事会选举并任命了协会的运营团队，Bertrand\n Perez为首席运营官和临时总经理、Dante Disparte为政策和对外联络主管、Kurt \nHemecker为业务员发展主管。Bertrand Perez与David Marcus一样，都曾经在PayPal工作。', '按照计划，在天秤币区块链网络正式发布之前将吸收大约100个天秤币协会成员。虽然现在已有7家初始成员退出，天秤币协会表示，自天秤币项目在6月18日发布以来，振奋全球。已有1500家实体表达了加入天秤币项目的兴趣，其中大致有180家实体满足初始成员的标准。', '白皮书显示，天秤币协会由天秤币协会理事会管理，理事会由各验证者节点各指派一名代表构成。理事会成员共同对网络和储备的管理制定决策。所有决策都将通过理事会做出，重大政策或技术性决策需要三分之二的成员投票表决同。', '天秤币协会还是一个负责管理天秤币储备的实体，因此掌控着天秤币经济的稳定和成长。只有天秤币协会能够制造\n (mint) 和销毁 \n(burn)天秤币。只有当授权经销商投入法定资产从协会买入天秤币以完全支持新币时，天秤币才会被制造。只有当授权经销商向协会卖出天秤币以换取抵押资产时，天秤币才会被销毁。由于授权经销商始终能够将天秤币以等于篮子价值的价格卖给储备，因此天秤币储备承担着“最后的买家”的角色。天秤币协会的这些活动受储备管理政策的监管和约束，该政策只能在绝对多数协会成员同意的情况下进行更改。']"
https://tech.163.com/19/1012/07/ER98AJEO000998GP.html,"['""私募大佬""炒币赔了8亿？""币圈大佬""回应：污蔑']","['\n                2019-10-12 07:54:52\u3000来源: ', '网易科技报道', '\n                ', '举报', '\n            ']","['图片：徐明星', '网易科技讯10月12日消息，近日《组团炒币却被“团灭”8亿：私募大佬怒了 起诉币圈大佬》文章引发关注，“私募大佬”杨永兴认为，虚拟货币交易所“OKEx交易所”私自冻结、注销投资者账户，肆意侵吞投资者资产，涉及20多个账户，金额高达1.1亿美元。', '对此，文中涉及的“币圈大佬”徐明星表示，报道捏造事实，是一个现代版的农夫与蛇的故事。徐明星称杨永兴投资OKCoin获得了100%的回报，但仍不满足，多次勒索不合理的数倍的超额收益。被拒绝后开始捏造事实，攻击他本人和OKCoin。', '徐明星称，相信法律是公正客观的，一切应该留待法院判决。', '刚刚看到某媒体报道的关于杨永兴的文章，该文章多次提及本人姓名，对于这个捏造事实，污蔑本人的事件，简单回复，这是一个现代版的农夫与蛇的故事，详细回复如下：', '1、2017年底杨永兴通过中间人介绍来找我，表达对公司和行业的强烈兴趣，承诺要为公司提供这样那样的帮助，在本人的协助下，从老股东手里购买了OKCoin 1%的股权', '2、在其投资的不到一年时间内，其完全未兑现他对公司的各种承诺，公司仍然为其创造了100%的回报。', '3、杨永兴不满足1倍的投资收益，多次勒索不合理的数倍的超额收益，被公司董事会明确拒绝以后，其开始捏着事实，攻击本人和OKCoin公司，其所宣称的那些事情都是凭空捏造的，完全不存在，甚至把其在股票市场的投资亏损和在其他平台操纵市场的亏损转移到这里说事。', '4、既然文章中宣称杨永兴已经诉诸法院，我相信法律是公正客观的，一切应该留待法院判决，在法院判决之前，其迫不及待的通过媒体造势，正反映出其没有法律底气，试图通过舆论混淆是非的无赖行径。', '每经记者 潘婷 每经编辑 易启江 卢祥勇 肖勇 王嘉琦', '曾叱咤私募界的大佬杨永兴进军币圈出了大事：价值1.4亿元的资产不知去向，跟随其进入币圈的20人遭遇同样厄运，涉及失踪的资产价值共约1.1亿美元（约合8亿元人民币）。', '杨永兴在私募界是个传奇般的存在，26岁时，就做到了“用16个月将100万元做到1个亿”。他曾在朝阳永续中国私募基金风云榜上连续夺冠，也是十二年来唯一一个在中国私募风云榜上连续两届夺冠的选手。', '然而，这位曾驰骋私募界的王者，在碰到币圈大佬徐明星后，价值数亿资产为何离奇失踪？他们之间发生了什么？', '图片来源：摄图网', '诸多悬疑待解，每日经济新闻记者就此展开多方调查。', '悬疑1私募大佬碰上币圈大佬，发生了什么？', '每个行业都有属于自己的传奇人物，而杨永兴无疑是私募界令人无法忽视的一位。', '股市中把100万元做到一个亿需要多久？五年？十年？还是二十年？杨永兴仅用了16个月。', '杨永兴出生于郑州一个普通工人家庭，上个世纪90年代初，杨永兴的父亲成为股市千千万万散户中的一个。彼时，还在上初中的杨永兴也跟在父亲身后去证券营业部。在其父对股市失去信心后，杨永兴接过了还剩两万元的账户。后来在2006年度及2007年度一战成名，在朝阳永续中国私募基金风云榜上连续夺冠。他也是十二年来唯一一个在中国私募风云榜上连续两届夺冠的选手。”', '在2007年度朝阳永续的实盘大赛中，杨永兴用时10个月以高达1497%的收益率，完成了看似不可能完成的任务，堪称神奇。当时杨永兴才26岁左右，炒股还不到10年。', '2009年3月，杨永兴所在的证通天下作为投资顾问发行了公司第一只信托产品“策略大师”，该产品运行时间为1年，是当年收益率排名第一的阳光私募。截至2010年2月，累计上涨达到192.80%，而同期沪深300的涨幅仅有51.6%。', '图片来源：私募排排网', '在2009年年中，杨永兴离开策略大师团队，成立永圣慧远。同年12月11日，杨永兴第二只信托产品“永圣慧远稳健增值”公开发行时的认购踊跃程度超乎想象，市场传言有数十亿资金主动上门。这也是他担任阳光私募界的最后一只基金“永圣慧远稳健增值”的基金经理。', '图片来源：私募排排网', '2010年，杨永兴从二级市场转战一级市场投资。参与了多个项目的投资，并成功退出。2017年底，杨永兴涉足数字货币投资。', '然而，传统证券业私募大佬杨永兴，却在新兴数字货币领域出了事，他在OKEx交易所的账户竟被离奇冻结、注销。同时出现问题的，还有跟随杨永兴进入数字货币领域的20名用户的账户。据杨永兴称，他和这些跟随者合计涉及资产以现价计算达1.1亿美元（约合8亿人民币）。', '杨永兴一纸诉状将徐明星等告上法庭。', 'OKEx交易所在币圈的地位无人不知，徐明星也是圈内的风云人物。', '徐明星是国内最早成立的比特币交易平台OKCoin的创始人，此前曾在雅虎中国、豆丁网任职，2012年他从豆丁网退出，自行创业，这才有了OKCoin。在比特币和区块链大火的同时，徐明星也渐渐进入大众视野。', '2017年9月15日，北京监管机构宣布关停比特币等虚拟货币交易所，并要求于15日晚间24时前发布公告，明确停止虚拟货币交易的最终时间，并立即宣布停止新用户注册。', '此后，OKCoin、比特币中国、火币等多个平台宣布停止虚拟货币交易业务。', 'OKCoin和徐明星曾多次公开称，与OKEx没有关系。', '私募大佬杨永兴和币圈大佬徐明星之间，究竟发生了什么？', '悬疑2谁吞了投资人的8亿元资产？', '每日经济新闻记者面见杨永兴时，他向记者提供了厚厚一摞证据，并表示已经向深圳市中级人民法院、杭州互联网法院起诉，他认为这也是目前国内数字资产领域涉案金额最大的一次诉讼。', '杨永兴称，虚拟货币交易所“OKEx交易所”私自冻结、注销投资者账户，肆意侵吞投资者资产，涉及20多个账户，金额高达1.1亿美元。同时，杨永兴对记者表示，已经向深圳市中级人民法院起诉了徐明星、李广鹏、罗敏、江苏八方云服网络科技有限公司、北京乐酷达网络科技有限公司等。', '图片来源：OKEx网站拍摄图', '杨永兴是于2017年底涉足数字货币投资的，因其在传统证券市场影响力大，在投资者中示范效应和带头作用明显。在他的影响下，有20名传统证券领域投资者跟随进入数字货币领域。', '进入OKEx交易所之前，杨永兴曾在火币网进行数字货币操作。', '然而，在今年7月，杨永兴却发现，自己在OKEx交易所和OKCoin平台的账户被注销了。他说，彼时账户内尚有约410万个OKB（一种由OKEx交易所发行的平台币）和约100万个USDT（数字货币领域通用的稳定币，价格锚定美元），对应价值约为1.4亿元人民币。', '杨永兴向记者提供了与OKEx交易所的往来邮件，内容包括：异地登录通知、爆仓预警通知、大客户通知等。', '此外，广东省深圳市公证处对杨永兴在OKEx交易所开立的账户被冻结、OKEx平台用户不存在、以及杨永兴与OKEx平台邮件往来记录进行了公证。', '深圳市公证处出具的公证书', '那么，事情的经过是什么呢？为何出现20个账户被注销，金额高达1.1亿美元资产被吞的情况？', '悬疑3徐明星阻拦杨永兴退出OKEx？', '据杨永兴介绍，2018年1月，他在数字货币交易平台OKEx平台使用个人手机号码注册了交易账号，该账号和密码在OKEx和OKCoin两个平台通用。', '杨永兴说，至2018年初，在参与数字货币投资和交易过程中，他发现数字货币投资与传统证券投资区别较大，缺乏监管，数据不公开透明，其所在的OKEx交易平台数据不完全真实可信，他对整个市场形势判断也不乐观，加上OKEx长期处于人员剧烈变动、各种维权事件频发的动荡期，遂产生退出在该平台数字货币投资的想法。', '杨永兴表示，其2018年底开始卖出其在OKEx平台所持有的币种，但陆续被徐明星以市场不好等理由阻拦。', '2019年3月22日，杨永兴通过登录OKEx平台时发现账号显示“被冻结”，登陆OKCoin平台同样显示为“被冻结”状态。他说，至今未得到平台方任何解释。', '图片来源：OKEx网站拍摄图', '2019年7月，杨永兴通过登录OKEx平台时发现，账号已被平台注销，但是他却未获任何通知。', '杨永兴对记者表示，其账户内的OKB和USDT约1.4亿元均为其自有资产，一部分来自于他从火币网账户转入至OKEx平台。另一部分由其提币至被告徐明星个人指定的虚拟货币链接地址，由徐明星操作，目的是使其在OKEx平台上的账户内增加相应虚拟货币。', '而跟随杨永兴进入数字货币领域的约20名传统证券领域投资者，同样在OKEx开户并交易，与杨永兴遭遇同样境遇，账户陆续被冻结并被销户。', '据杨永兴等统计，被销20个账户金额以现价计达到1.1亿美元。其中3100万USDT，2800万个OKB 。目前，这些被侵害投资者均已向多地法院提起诉讼。', '悬疑4注销账户恢复后，为何资产被清空？', '值得一提的是，火币网于8月26日向杨永兴邮件发送其2018年全年提币记录，杨永兴于2018年1月至3月陆续提取了不同数量的BTC、ETH、USDT，提币记录共有15个，分别显示了这些虚拟币的提币地址、数量、日期。', '记者根据杨永兴所提供信息，查询了其中一笔ETH提币记录的哈希值和提币地址，结果显示该次提取的流向为TO OKEX。', '此外，记者在BTC官网查询了其中一个提取BTC的提币地址，显示的提币记录与杨永兴所提供的记录相同。', '业内人士对记者表示，这些提币地址是某个交易所的个人充币地址，投资人将币转入个人充币地址后，交易所会将这些币转入交易所的总地址。因为如果是个人操作，不会出现像机器人一样在几个小时内将一定数量的币转入到某个地址，再将相同数量的币转出，个人操作时间差距要更大。', '每日经济新闻记者联系了杨永兴的代理律师，其对记者表示，目前案件仍在先行调解阶段，调解过程中有专门的调解法官进行跟进，代理律师在调解阶段和徐明星没有进行直接联系，均由调解法官进行调解。此外，通过诉讼平台查询不到调解阶段的案件，只有进入审理阶段，才会在诉讼平台显示案件信息。', '杨永兴收到的调解通知书', '该代理律师称，在此案件中，杨永兴诉求包括：', '一、请求法院判令北京乐酷达网络科技有限公司（被告一）、江苏八方云服网络科技有限公司（被告二）立即解除对原告（杨永兴）在www.okex.com/www.okex.me,\n \nwww.okcoin.com互联网平台开立的个人账号采取的冻结措施；二、请求法院判令北京乐酷达网络科技有限公司（被告一）、江苏八方云服网络科技有限公司（被告二）恢复原告（杨永兴）okex平台账号于2019年3月22日被冻结前的虚拟货币数据，即410万个OKB和100万个USDT(以实际查证数据为准);三、请求法院判令北京乐酷达网络科技有限公司（被告一）、江苏八方云服网络科技有限公司（被告二）向原告（杨永兴）提供OKEx平台账号自2018年1月（开户日，具体以实际查证时间为准）至实际解除冻结之日期间的全部交易明细及相关数据。', '杨永兴代理律师对记者表示：账户是杨永兴个人拥有的，应当可以由其按自己的意愿支配。如果因接受司法机关调查或者出于平台规则，平台冻结、甚至注销该账户，平台方必须告知我方采取相应措施的法律依据或者平台规则约定。如果没有合法理由，那么OKEx对账户进行的冻结、销户操作即不合法。', '其次，杨永兴个人账户内的虚拟资产受法律保护，我们要求OKEx及其关联方返还虚拟资产。杨永兴及其关联用户所拥有的20个账户，出现过被注销然后又被恢复，但是账户内资产被清空的情况。该类虚拟资产属于民法总则规定的“民事权益”，如受侵害，权利人当然有权索赔。', '最后，OKEx和OKCoin事实上混同经营，不论是平台为了导流客户发布的公告，还是账户操作互通等方面都反映出这一点。但是一旦涉及法律责任承担，OKCoin平台自认的经营方北京乐酷达网络科技有限公司，却以法人人格独立的原则切割了其与OKEx平台的法律关系。但作为用户，我们认为，无论该两家平台登记在哪几家公司名下，基于两平台的混同经营混同管理，关联方即构成共同侵权，应共同承担赔偿责任。虽然我国尚未出台专门的法律法规监管、规范类似虚拟币平台，但并不意味着平台方可以恣意侵犯用户的财产权利。权利受损的用户仍旧有权在现行法律框架下维权。我们也正在准备相关联的其他案件，这个月会陆续提起诉讼。', '悬疑5徐明星与OKEx交易所有没有关系？', '官网信息显示，OKEx是全球著名的数字资产交易平台之一，主要面向全球用户提供比特币、莱特币、以太币等数字资产的币币和衍生品交易服务。', '值得注意的是，OKEx提供的业务包括法币交易和币币交易。其中，法币交易包括普通交易和大宗交易，用户可以用人民币购买USDT/BTC/ETH等数字货币。记者尝试购买10000元人民币的USDT，页面显示需要进行KYC身份认证，该认证分为基础认证、高级认证、视频认证三个等级。用户完成基础认证后，就可增加法币交易额度，单笔限额2000元人民币；高级认证后的单笔限额为100万元人民币；视频认证后的单笔限额为500万元人民币。', '此外，用户还可以用自己手中的USDT等数字货币购买BTC、ETH等。', '一位虚拟货币行业资深律师对记者表示，2017年9月4日，央行发布《关于防范代币发行融资风险的公告》指出，任何所谓的代币融资交易平台不得从事法定货币与代币、“虚拟货币”相互之间的兑换业务，不得买卖或作为中央对手方买卖代币或“虚拟货币”，不得为代币或“虚拟货币”提供定价、信息中介等服务。', '值得一提的是，OKEx交易所还提供合约交易，杠杆倍数最高可达100。', '记者注意到，在杨永兴起诉OKEx交易所事件中，还涉及徐明星和交易平台OKCoin。', '记者注意到，境内可登录的域名www.OKCoin.cn界面显示该交易所名称为OKCoin币行。', '那么，OKCoin币行是否属于OK集团？', '据天眼查数据显示，www.OKCoin.cn所属企业为北京乐酷达网络科技有限公司，法定代表人为徐明星。记者搜索微信公众号“OKCoin币行”，结果显示该账号主体也为北京乐酷达网络科技有限公司。', '图片来源：天眼查', '记者注意到，该公众号曾在2018年4月17日一篇文章的评论回复称，www.OKCoin.com为OKCoin国际站域名。该国际站域名，即杨永兴所说账户互通的网址之一，该交易所也即杨永兴所述OKCoin。', '也就意味着，徐明星的北京乐酷达网络科技有限公司确实与杨永兴所在账户被注销平台OKCoin存在关联。', '记者注意到，2019年1月23日，香港上市公司前进控股集团（代码：01499）发布公告，OKC\n HOLDINGS \nCORPORATION（下文称OKC）将以4.84亿港元的价格，收购前进控股60.49%的股权，成为港股上市公司前进控股集团实际控制人。收购公告显示，徐明星持有OKC\n 52.68%股权，为OKC实际控制人。', '有意思的是，OKCoin币行微信公众号也于1月25日发布了这个消息，并表示：2019年1月23日，OKC\n HOLDINGS CORPORATION（OK集团）与LEAP Holdings Group \nLimited（前进控股集团）发布经香港证监会审核的联合公告，正式宣布OK集团完成了对前进控股集团（01499.HK）控股权的收购。', '7月22日，前进控股集团发布2019年报，徐明星共持有OKC的约52.68%权益。此外，年报显示，OKCoin Technology Company Limited为OKC的子公司。', '那么，OKEx是否与OKCoin币行有关联？', '记者查阅OKCoin币行官方微信号所发文章，注意到不同时期的不同表述：', '2017年8月5日的一篇文章，该文章称OKEx为OKCoin币行旗下币对币交易平台；2018年3月30日的文章称：OKCoin中国与在伯利兹注册、办公地址在美国和香港的OKEX历史上有过一些技术和服务的合作，2017年10月以后，已经进行切割，独立运营；2018年9月13日的文章称：OKEx是一家独立的公司，注册地在马耳他，徐明星不是OKEx网站运营主体ACX\n Malta Technology Company \nLimited的法人、董事或股东，OKCoin币行作为国内最早的数字资产交易平台，设立于2013年，已经于2017年10月31日根据政府部门相关要求，主动停止交易业务，并准确清退客户资金。', '值得一提的是，记者通过徐明星（微博认证OKCoin创始人）认证微博号“徐明星OK”检索“OKEx”关键字，没有搜索到相关内容；搜索徐坤（微博认证OKCoin战略副总裁）认证微博号“徐坤Alysa”检索“OKEx”关键字，从今年8月2日至今，其转发了不少OKEx官方微博“OKEX”所发布内容，并在8月2日的转发微博中表示“谢谢支持，今天的一小步就是明天的一大步，我们稳步向前”。', '记者打开OKCoin币行官网，并成功用国内手机号进行了注册，在弹出的对话框中选择“新用户”，会播放一段1分30秒的视频，该视频末尾提示出品方为“OKEx&新浪科技”，下端显示“视频转载自新浪科技”。', '记者使用在OKCoin币行成功注册的手机号，登录OKEx交易平台，弹出“申请授权”提示：通过本站和OKCoin币行之间Open\n \nID技术检测到，您OKCoin币行的xxx（手机号）账号正在本站登录。本站需要获取该账号及其下所有子账号的个人信息、交易信息及其他相关信息，点击同意即表示您明确同意授权本站使用您的该主账号及其项下所有子账户的个人信息、交易信息及其他相关信息。', '记者点击同意授权后，成功登录OKEx交易平台。', '图文无关（来源：摄图网）', 'OKEx回应：杨所称 “侵害权益”系无中生有', '每日经济新闻记者就“杨永兴起诉OKEx交易所事件”联系了OKCoin交易所战略副总裁徐坤，其向记者推荐了“我们公关部负责人（原话）”。在后续的交流中，该公关部负责人称其属于OKEx交易所，与徐坤是相识关系。', '该负责人称：“OKEx交易所没有收到相关起诉文件。OKCoin是国内最早成立的比特币交易平台，徐明星是创始人。2017年出台相关政策之前，OKCoin与OKEx进行了技术方面的合作，账户互通是因为存在互联网登录协议，存在OPEN\n ID。但两个交易所只是技术方面的互通，人员方面并不互通。此外，OKEx开户要做KYC认证，一个身份证只能开一个账户。”', '对于“账户被冻结、注销，涉及1.1亿美元”问题，该公关部负责人称：“如果他（杨永兴，下同）有20个账户，那么其他账户应该不是他本人的。涉及的金额我也不能说都是他个人的资产，关于这个我也不是特别好解答”。', '该负责人对记者表示：“我了解了一下，这个杨（永兴），之前也找过一些自媒体，写了一些不属实的东西”，“杨（永兴）所说的‘我方侵害他权益’这一说法是无中生有的事。”', '记者拨打从杨永兴代理律师处获取的徐明星手机号，尝试与其进行联系，截至发稿无人接听。']"
https://tech.163.com/19/1012/07/ER977BK6000998GP.html,['Telegram发数字币融资17亿美元 美国将阻止其流通'],"['\n                2019-10-12 07:35:37\u3000来源: ', '网易科技报道', '\n                ', '举报', '\n            ']","['\n                        （原标题：SEC Halts Alleged $1.7 Billion Unregistered Digital Token Offering）\n                    ', '网易科技讯 10月12日消息，据国外媒体报道，当地时间周五美国证券交易委员会(SEC)宣布，已对两家在美国和海外进行未经注册数字代币发行的离岸实体提起紧急诉讼，并获得临时限制令。据悉，相关实体通过此次数字代币发行已筹集了逾17亿美元的资金。', '根据SEC的指控，Telegram集团及其全资子公司TON Issuer于2018年1月开始筹集资金，为两家公司的业务进行融资，其中包括开发自己的区块链“Telegram Open Network”或“TON Blockchain”，以及移动消息应用Telegram Messenger。被告以折扣价向全球171名初始买家销售了约29亿枚数字代币Grams，其中向39名美国买家出售了逾10亿枚Grams。Telegram承诺在2019年10月31日区块链上线之前将Grams分发给购买者，届时购买者和Telegram将能够向美国市场销售几十亿枚数字代币Grams。诉状称，被告没有按照1933年《证券法》的规定对Grams进行注册登记。', '“我们今天采取的紧急行动是为了防止Telegram在美国市场上滥发非法数字代币，”SEC执法部门联席主管斯蒂芬妮・阿瓦基安(Stephanie Avakian)说。“我们指控被告未能向投资者提供有关Grams信息以及Telegram业务运作、财务状况、风险因素和证券法所要求的管理信息。”', 'SEC执法部门联席主管史蒂文・佩金(Steven Peikin)表示:“我们已多次表示，发行者不能通过给自己的产品贴上加密货币或数字代币的标签来规避联邦证券法。”“Telegram试图在不遵守旨在保护投资大众责任的情况下，从公开发行中获得利益。”', 'SEC今天在曼哈顿联邦地区法院提起诉讼，指控两名被告违反了《证券法》第5(a)条和第5(c)条的注册规定，并寻求永久性禁令和相关民事处罚。（辰辰）', '\n', '\n']"
https://tech.163.com/19/1012/07/ER963BIS000998GP.html,['Facebook受挫，Visa万事达等六成员退出天秤币协会'],"['\n                2019-10-12 07:15:57\u3000来源: ', '网易科技报道', '\n                ', '举报', '\n            ']","['\n                        （原标题：Facebook’s Libra Association crumbling as Visa, Mastercard, Stripe, and others exit）\n                    ', '网易科技讯 10月12日消息，据外媒报道，继在线支付公司PayPal宣布退出Facebook提议的加密货币Libra项目之后，Visa、Mastercard、eBay、Strible以及Mercado Pago等创始成员也相继宣布退出，这对Facebook打造分布式全球加密货币计划造成了沉重打击。', 'Visa发言人表示：“Visa已经决定现在不加入天秤币协会（Libra Association），但我们将继续对该项目进行评估，我们的最终决定将取决于一系列因素，包括天秤币协会完全满足所有必要监管期望的能力。”', '这些支付公司退出使得Libra失去了支付处理过程的主要支持者，这对这个羽翼未丰的项目来说是个严重的问题。', '天秤币协会的第一次正式会议定于10月14日在日内瓦举行。这次会议可能会促使所有相关成员做出更具体的承诺，这可能是导致它们近期相继退出的重要原因。此外，由于Libra受到的批评和审查越来越多，创始成员相继推出让其未来充满了不确定性。', '电商eBay在一份声明中表示：“我们高度尊重天秤币协会的愿景。然而，eBay已经决定不再作为创始成员帮助推动这个愿景。目前，我们的重点是为我们的客户推出eBay的管理支付体验。”', '支付公司Stripe对其退出给出了类似的解释。该公司表示：“Stripe支持旨在让世界各地的人更容易接触到在线商务的项目，Libra有这种潜力。我们将密切关注其进展，并对稍后与天秤币协会合作持开放态度。”', 'Mastercard和Mercado Pago没有立即回应置评请求。天秤币协会政策和沟通负责人但丁・迪帕特(Dante Disparte)感谢这些公司对该组织使命的持续支持。', '他说：“我们专注于向前迈进，并继续建立一个由诸多世界领先企业、社会影响组织和其他利益相关者组成的强大协会。我们期待着在3天内召开天秤币协会首届正式会议，并宣布天秤币协会的最初成员。”', '剩下的天秤币协会成员正面临来自政府和监管机构越来越大的压力，他们认为该项目是对现有金融体系的威胁。最近，两名民主党参议员敦促Visa、Mastercard和Strible重新考虑他们与Libra的关系，称这可能会对促使任何支付处理公司受到更严格监管。（小小）']"
https://tech.163.com/19/1007/08/EQSCOVJM000998GP.html,['FB称靠协会提升Libra公信力 其实却被硅谷大佬掌控'],"['\n                2019-10-07 08:02:30\u3000来源: ', '网易科技报道', '\n                ', '举报', '\n            ']","[""\n                        （原标题：Facebook says Libra is out of its control. But Libra's overseers are a web of Silicon Valley insiders）\n                    "", '网易科技讯 10月7日消息，据国外媒体报道，在努力推介Libra数字货币的过程中，Facebook的最大障碍是缺乏公众信任且招致世界各地监管机构的反对。这些监管机构担心天秤币对隐私和金融稳定会产生影响，对于Facebook在管理Libra数字货币方面的角色也是忧心忡忡。', 'Facebook的回应是成立管理数字货币的第三方独立组织Libra Association。它将通过这一组织确保任何公司都不会对Libra数字货币产生过大影响。该组织目前有28个“创始成员”，但计划增加到100个。', '但事实上，这些创始成员中有许多与Facebook之间、彼此之间都有着密切的个人、职业和财务联系，且联系直达Libra Association的最高领导层，这让该协会的性质也受到了质疑。专家表示，这些联系让公众不免担忧Facebook对Libra到底有多大的影响力。', '“我们设计数字货币Libra的初衷之一是，Facebook只是协会100位不同成员之一，没有特权，这意味着你不必依赖Facebook，”Facebook的大卫・马库斯（David Marcus）在7月份表示。', 'Facebook曾表示协会将是Libra的独立监督者， 公司影响力将与任何其他成员相同。然而，协会的许多创始成员都与Facebook、马库斯或其他人有着或多或少的联系。', '彼得・泰尔(Peter Thiel)创建了协会成员PayPal(不过目前已退出)，并将其卖给了Ebay。而他又是Facebook的第一个主要投资者，现在是该公司的董事会成员。泰尔还通过风险投资公司对Spotify、Lyft和Stripe等协会成员进行过投资。', '扎克伯格是Facebook的创始人，也是协会成员Breakthrough Initiative的三名董事之一。他与协会会员Spotify的创始人兼首席执行官丹尼尔・埃克（Daniel Ek）私交甚密，2016年扎克伯格还参加了埃克的婚礼。', '风险投资公司Andreessen Horowitz是创始成员，也是Facebook的早期投资者。该公司还投资了协会成员Lyft、Stripe、Coinbase和Anchorage。联合创始人马克・安德森(Marc Andreessen)是Facebook的董事会成员，也曾是Ebay的董事。另一位公司联合创始人本・霍洛维茨(Ben Horowitz)还是Lyft的董事。', '协会成员Union Square Ventures也投资了同为协会成员的Coinbase和Stripe。', '弗雷德里克・考特(Frederic Court)是协会成员Farfetch的董事，也是Felix Capital的创始人。Felix Capital此前投资过马库斯的初创公司Zong。', 'Wences Casares是协会成员Xapo的创始人和首席执行官。他同时也是PayPal的董事，并曾担任该协会成员非营利性组织Kiva的董事。Xapo还获得了协会成员Ribbit Capital的资助。', '虽然这些人可能没有直接参与Libra项目，但他们之间的联系表明，协会可能没有Facebook所说那么“多样化和全球化”。', '到目前为止，向瑞士政府提交的文件中确认协会有三位领导人：马库斯、贝特朗・佩雷斯(Bertrand Perez)和库尔特・赫梅克(Kurt Hemecker)。', '马库斯曾创立总部位于日内瓦的在线移动支付提供商Zong。当他在2011年将Zong卖给Ebay时，Ebay任命他为PayPal移动部门负责人，次年成为PayPal总裁。2014年马库斯离开PayPal加入Facebook。', '佩雷斯和赫梅克之前都曾在马库斯创办的Zong担任高管，后来马库斯担任PayPal总裁期间又在同一公司任职。佩雷斯现在是协会的常务董事兼首席运营官，赫梅克是业务发展主管。', '常务董事将领导执行团队，负责审查Libra的网络安全，监督Libra的发展并招募新的协会成员。在正式文件中，马库斯被定为董事会成员兼常务董事。', '哥伦比亚大学法学院教授凯瑟琳娜・皮斯托尔(Katharina Pistor)说，让马库斯和两名亲密同事在一开始就领导协会，可能会让Facebook对该组织未来产生强大影响力。董事会成员任期一年，但可以无限期连任。', '“他们行动迅速，把自己人安置到位，”她说。“管理者将在一开始就为公司定下基调，这给了他们很大的控制权。”', '协会对这一观点表示异议。协会政策主管丹蒂・弗劳德(Dante Disparte)表示，尽管Facebook在成立协会以及开发区块链网络方面发挥了关键作用，但该公司“不会比其他任何成员拥有更大的权利、义务或投票权”。', '协会所有的成员公司将组成“委员会”，每年召开两次会议做出重大决定，如增加新成员或改变Libra的技术基础。由于成员比较多，开会商讨的频率也比较低，所以协会的董事会以及执行委员会扮演日常管理的角色。', '马库斯强调，天秤币协会将推动公益事业，使转账变得更快、更便宜。为了实现这一目标，Facebook子公司Calibra将推出数字钱包，供用户保存、存储和发送Libra。其他公司也可以开发类似的服务。', ""消费者隐私倡导组织电子前沿基金会战略主管丹尼・奥布莱恩(Danny O'Brien)表示，他担心协会成员之间的关系，可能会使Libra的其他数字钱包或加密项目难以与Facebook竞争。"", '“鼓励你使用Facebook的软件和服务可能符合现有这些公司的利益，因为他们现在已经参与其中，”奥布莱恩说。“他们希望Facebook的服务能够胜出，而不是其他可能对消费者更有利的项目。”', '协会另一个关键角色将是管理储备金，这是政府发行的一篮子金融工具，以稳定Libra的价值。', '众议院金融服务委员会主席马斯汀・沃特斯(Maxine Waters)表示:“如果Facebook的计划得以实现，该公司及其合作伙伴会产生巨大的经济影响力，或将破坏金融和政府的稳定。”但马库斯表示，马斯汀・的目标不是与主权货币相竞争。', '协会规定，会员公司必须投资1000万美元才能加入其中。Facebook表示，会员公司将以存款利息的形式从投资中获得回报。利息将首先用于协会运营开支，然后再分配给会员公司。一些专家担心，这可能会阻碍协会批准新成员或组织进一步多样化。', '“如果你在这上面赚了很多钱，为什么要分享？” 皮斯托尔说。（辰辰）', '\n']"
https://tech.163.com/19/0925/07/EPTDMICR000998GP.html,['比特币周二一度跌破8000美元 创最近三个多月新低'],"['\n                2019-09-25 07:22:12\u3000来源: ', '网易科技报道', '\n                ', '举报', '\n            ']","['\n                        （原标题：Bitcoin drops to more than three-month low, briefly trades below $8,000）\n                    ', '网易科技讯 9月25日消息，据国外媒体报道，比特币当地时间周二交易价下跌大约15%，创下三个半月以来低点。一些分析师认为，出现此情是因为投资者对周一推出的比特币期货反应冷淡。', '隶属于洲际交易所（Intercontinental Exchange,ICE）的加密货币平台Bakkt，当地时间周一推出了新的Bakkt Bitcoin期货合约。但分析师表示，成交量并不好。ICE由纽约证券交易所拥有。', '以市值计算，比特币目前为全球最大加密货币。当地时间周二，比特币下跌12.86%至8436美元。当天早些时候，比特币一度曾跌至7998美元，为6月中旬以来的最低水平。近几周来，比特币均呈下跌趋势。8月初以来，比特币价格已暴跌约35%。', '一些市场参与者表示，比特币价格下跌一定程度上是技术因素导致。他们称，比特币一直处于代表市场卖方力量逐渐增加的下降三角形状态，这是看跌的信号。', '分析师表示，由于Bakkt期货没有如预期那样得到市场欢迎，因此比特币并没有受到该期货的推动，尽管该期货的推出还处于初期阶段。Bakkt是今年早些时候比特币显现强劲牛市的主要催化剂之一。（天门山）']"
https://tech.163.com/19/0924/07/EPQS0V8M000998GP.html,['IBM愿意与Facebook合作数字货币业务'],"['\n                2019-09-24 07:34:50\u3000来源: ', '观察者网', '\n                ', '举报', '\n            ']","['\n                        （原标题：IBM愿意与Facebook合作数字货币业务）\n                    ', '【文/观察者网 邓睿侃】', '脸书（Facebook）主导的Libra货币项目或将迎来新的合作伙伴。国际商业机器公司（IBM）表示，对与脸书在数字货币上展开合作“持开放态度”。', '不过，该公司并没有明确是否会加入Libra协会。同时该公司还表示，会将讨论重点放在“资产标记化”上，而非“加密”。', '此外，全球监管者对于Libra币计划从未放松。上周接受26国央行“联合问询”之后，脸书被告知监管部门的批准门槛会很高。', '美国消费者新闻与商业频道（CNBC）9月23日消息，IBM区块链服务总经理杰森・凯利（Jason Kelley）表示，该公司希望在区块链技术领域，促进跨行业的“合作”。', '“区块链是一种团队项目，”凯利告诉CNBC，“我们的客户已经准备好与（脸书）合作，我们也准备好与他们所有人合作，把它（区块链）整合在一起。”', '凯利表示，区分加密货币和资产“标记化”非常重要。在“标记化”中，从货币到股票的一切都可以在数字分类账上发行。', '资产标记化是将资产的权利转换为数字标记，并在区块链上存储和管理。它是一个非常受欢迎的方案，正在传统金融领域之外的新市场快速发展。', '凯利还说，像脸书这样的公司加入竞争，有助于为基础技术带来更多的合法性。', '不过，凯利没有透露IBM是否有兴趣加入Libra协会。', '“人们都说，Libra币只是另一种加密。”凯利说，“但我们所涉及的，是把加密放在一边，谈论‘标记化’。”', 'CNBC指出，像IBM这样的公司已经利用比特币等加密货币背后的原理，创建了自己通过分布式计算机网络组织数据的区块链解决方案。他们认为，这样做的好处是，它为从银行业到供应链管理的几乎所有方面都创造了更多的透明度。', '报道称，很多人很快就把比特币和脸书计划中的Libra币区分开来。Libra币将由一个瑞士财团监管，该财团由脸书、Visa、万事达卡和优步等公司组成。', '路透社23日报道称，一份脸书信件指出，Libra币将与美元、欧元、日圆、英镑及坡元等一篮子货币挂钩，美元比重将占50%。', '不过，目前仍在计划中的Libra币依然是全球监管者重点关注对象。法国和德国均威胁要将其挡在欧盟门外。', '新华社14日报道称，德国与法国财政部长9月13日在芬兰首都赫尔辛基发表联合声明，重申货币主权重要性，反对美国社交媒体脸书公司计划发行的加密数字货币Libra在欧洲推行。', '声明中指出，两国认为脸书公司Libra加密货币计划未能对上述风险作出妥善应对。“我们认为货币权力属于国家主权，不应由私人实体掌握。”', '两国也承认，有必要提升现有国际支付体系的效率。声明说，在欧洲层面，两国呼吁所有银行共同努力改善欧洲支付系统，鼓励欧洲各国央行加快推进公共数字货币解决方案事务方面的工作。', '此外，脸书上周一（16日）与全球26国央行官员的会面结果也不容乐观。', '会议上，欧洲央行理事会执行委员伯努瓦克莱（Benoit Coeure）表示，作为一项全球支付系统的新技术，Libra币还未受检验。它也给一些公共政策带来严重风险，监管机构批准的门槛肯定会很高。', 'Libra自今年6月18日公布后，反对、质疑的声音从未停止，监管机构和政府一直在索取关于Libra范围和设计的更多信息。', '8月20日，据彭博社报道，脸书创始人扎克伯格意图以Libra取代传统现金的野心，促使了欧盟委员会对Libra发起关于“不公平竞争”的调查。', '欧盟委员会在发出的一份调查问卷中表示，欧盟反垄断监管机构质疑Libra可能会对与交易相关的信息和消费者数据的使用设置“可能的竞争限制”，导致Libra支付系统不公平的对待其竞争对手。此前，科技巨头谷歌和苹果也由同样的原因被该机构发起过调查。', '调查问卷还表示，监管机构正在研究脸书旗下支持Libra的服务和应用，例如WhatsApp和Messenger，并透露本次调查将侧重于研究Libra协会的治理结构和成员资格。']"
https://tech.163.com/19/0922/10/EPM2TVOC000998GP.html,['火币李林：区块链最终价值取决于解决了什么问题'],"['\n                2019-09-22 10:59:20\u3000来源: ', '网易科技报道', '\n                ', '举报', '\n            ']","['网易科技讯，9月19日-21日，火币集团在武当山举行“火伴同行・问道武当”活动。在9月21日下午举行的“火币行业火伴大会：行业深耕之道”上，火币集团董事长兼CEO李林发表了主题演讲“武当・问道”。', '李林在演讲中主要用了三句话来描述自己对区块链行业的思考。一、“大道无形，生育天地；大道无情，运行日月；大道无名，长养万物”，希望能够发现区块链行业发展的规律；二、“利而不害，为而不争。”常说的要创造新价值，其实就是“利而不害”的一种，“为而不争”就是做好自己的事情，市场份额自然就上来了。三、“为道日损，损之又损，以至于无为”，每个人都要不断地去思考，提升改变的自己的认知，要不断地把以前的认知打破，能不能又有新的认知或者是更全面的、更正确的，更符合大道的认知。', '各位远道而来的朋友们，同事们，大家下午好！', '刚才主持人煜明还给我起了一个很长的演讲主题，这两天爬完山以后我的主题改了，改成“武当・问道”，也作为我们“问道武当”整个会议议程的抛砖。', '为什么会取这个名字？不仅仅是因为我们爬了一天半的武当山，也不仅仅是因为突然享受到武当的仙气，然后灵光大发。昨天晚上大家还记得，我们有一个环节跟道友们进行沟通，我偷偷地溜出去了，见了一个中国道教协会秘书长，非常受启发。可能突然间把我其中很多年积累的东西打开了，我一直也没有想过今天要做这个题目，昨天跟他交流了好几个小时，听他向我们同行的几位悟道了好几个小时。', '于是我们把题目改成“武当・问道”。在进入这个话题之前，我一定先来说一段，不然太突然。昨天晚上说是论道，其实是去听讲，回来以后思考一个问题，我们说问道，“道”到底是什么？大家理解都不一样，为什么是问道，不是问别的东西？什么是“道”？之前我早上老是练一个功夫，有一句话特别深刻，就是“大道无形，生育天地；大道无情，运行日月；大道无名，长养万物”。', '为什么把这个拿出来？道，我个人的理解，就是宇宙运行的规律，万事万物都有规律，不光我们没有察觉到，我们知不知道。人也好，我们所在的这个世界也好，我们从事的商业活动也好等等，它有它内在运行的规律，我不知道怎么形容这个东西。', '这种问道其实我们认为还是小的规律，仅仅是个人的理解，所以这几句话看起来很牛，觉得道生了所有东西，天地运行的规律。', '所以我们这次要寻找的是什么？', '我们寻找的是希望能够发现我们行业发展的规律，错综复杂，从2009年，中本聪提出比特币上线正式发行，到现在10年多一点，这10年来这个行业看起来是无序的，一直在变，每一个时期的热点都不同，不同之下的相同是什么？到底有哪个规律是相同的？所以我们要探寻这种规律，你只有发现了规律以后，你才能够去驾驭它，让我们的业务、人生都做得更顺。', '我知道在座的很多朋友，包括我们的同事都非常成功，这种成功是多个层面的，有可能大家赚了很多钱，这是一种成功，有可能咱们现在做了一个公司，这个公司做得挺好，市场份额挺高、市场挺认可。我们为什么要提到这一个？因为只有我们真正地掌握了规律以后，我们才能够明合道妙，因为大部分人的成功是暗合道妙。我做了一个事情成功了，但其实我并不知道是怎么成的，相当多的成功是这么来的。', '记得有一句非常经典的话，“靠运气赚的钱，靠努力把它亏掉”。我通俗一点来解释一下，那叫暗合妙道，因为比特币的势能来了，区块链的势能来了，共享经济的势能来了，我们抓住了点，有可能是你抓住的，有可能是你碰上了的。你赚了钱，成功了，你认为自己很牛逼，所谓的牛逼只不过是运气好，就是暗合。什么暗合才不能说是运气好？如果说你能够有预见性，能够发现规律，如果找到规律能够预见。', '比如说3-5年以后区块链是什么样的？你像它的布局，我做了，或者还有别的更好的行业未来会产生什么？我能够预见，我做了，那就是明合，也就是说不是凭运气，是因为我们经过思考发现了它的规律。', '什么叫道？《道德经》有几句话对我影响非常深刻，我待会儿会结合行业。我们登山有一个说法叫“太虚”，所以前面那几句话就非常虚，待会儿会结合行业和公司经营的理解详细去阐述一下。', '有一句话对我个人影响特别深刻――利而不害，为而不争，这个很简洁，《道德经》我读得不多，老师来来回回说这几句话，这句话三遍五遍的说，到底什么意思？有人说自己去读两遍有感觉，我就把个人的体悟和大家分享一下。', '很少有人是像我这样，在年纪不是很大的时候来讲道德经的，但我仅仅只是分享我个人的理解。虽然虚活了36年，也有自己的一些体会。“利而不害，为而不争”，上帝有他运行的规律，什么样的事情是符合大道的？如果一个事情对于社会，对于这个事情运行有利，我们怎么样去做到“我有作为”，当然不勉强。', '这个其实指导火币运营的很多理念，“利而不害”，我们老说要创造新价值，其实就是“利而不害”的一种，在公司文化上的体现。', '“为而不争”就是做好自己的事情，我的市场份额自然就上来了，它不是说天天靠吹牛吹出来的，强迫拔苗助长。这句话对我印象非常深刻，它指导了我很多时候对行业的思考，对公司经营的思考，所以简单跟大家提一下。', '其实在2014年的时候就发现这个问题了，我们认为比特币能够成为全球货币，但是用的时候会发现，支付起来比现在的方式效率更低、成本更高的时候，这个预期就落空了，然后又没有找到新的价值，这是一个非常重要的原因，除了2013年有一个很大的情况。', '这是第一个阶段，那时候还没有区块链，区块链后来概念也出来了，最开始是2012年，后来2015年肖风博士带到中国上海，在中国也很流行。', '区块链当时的预期也很高，像发现新大陆一样，用这个新的分布式账本的技术，不但能解决金融的问题，它能够解决很多行业的痛点，尤其是信用中介降低交易成本等等。', '大家看到经过两年了，依然预期落空了。所以在2017年那一波，也是基于对于预期，对于技术提出这个概念，它有可能从逻辑上的分析，好像是有可能做这种事情，这种预期根本上造成了2017年大的牛市。', '所以很多人问，我们这个行业下一次的大牛市是什么时候，很简单，要么新概念得到认可，觉得它确实有很大的预期，愿意投钱过来；要么现在的运用创造价值。', '给大家一个数据，数据可以佐证这个，实际上全球的比特币有1800万个，可能有很多人统计过，有几百万枚是好久没动过，大概有400、500万枚，就是在早年挖出来就没动了。1000多万枚比特币里面，全球各大交易所持有的比特币不超过300万枚，这还是比较乐观的估计，如果悲观地估计就200万左右，那其他的一千多万枚哪去了？', '如果只是一个投机产品，这个数据是不成立的，给大家这样一个数据，这是成为比特币价格的基本，因为行业一直在变化过程中，每天的热点都不同，不管你热点怎么样，就是两个问题，你要么讲一个所谓的故事，大家都相信它的未来，愿意为它投资。\n要么你创造价值，像比特币，确实有人在用它。如果你说哪个产品值得投资，只有这个。别的东西零和游戏，就是来回折腾。', '所以我们回过头来，我个人分析，未来区块链行业已经走到今天了，我个人提一些看法，未来还有哪些点和空间？', '“为道日损，损之又损，以至于无为”，这句话我好长时间没有办法理解是什么意思。这个昨天我跟道长简单地沟通了一下，我提了我的想法。我经常来拿这句话做自我鞭策，每个人都有很多的认知，我们每个人都认为自己的认知是正确的，我们每个人都认为自己认识这个世界、这个宇宙，我们找到了所谓的规律或者对价值的判决，它是真理的，是正确的，跟我们这个观点不符合的，我们认为是不对的，不愿意接受的，这是小我。', '所谓的“为道日损”，当有一天我们逐渐放下自己的认知，更开放更包容，我们愿意接受和我们不同的东西，我们才有可能慢慢地看到更真实的东西，所以“为道日损”就是把小我舍掉。', '有一天一个老师跟我说了一句话，是不是“无为”，我们现在就不干了，很容易这么理解。当然它有几种解释，第一种解释是小我之为，那可以有大我之为。我们很多时候做一些事情，都是基于自我的偏见和认知，我们什么时候能做到，真正的对事物能够非常理性，放下自己个人的那种执念，那种“为”是大道之为，然后大家就顺了。', '这么些年，符合趋势的做法都起来了。比如说你在熊市的时候你一定要做多，牛市的时候你偏偏去做空，在马上这个行业要转好的时候你转行了，你没找到大势。就是说这是一个小我，你的认知是带有偏见的，可能因为你某次受伤害了，你觉得这个就是判断。', '这句话对我个人的修养影响非常深，跟大家分享一下，这几句话，当然还有很多。因为时间不多，所以我只能抛砖引玉，为什么我莫名其妙带出这个东西？我希望我们来到武当，我们的讨论，和我们去一个五星级酒店不一样的，希望大家可以引发这样一个场域，从哲学的层次来思考问题，来进行我们更深入的探讨。这里是抛砖。', '那我们谈谈区块链之道，区块链这个行业到底有什么规律？区块链这个东西到底解决了什么社会问题？创造了什么社会价值？这是最核心的问题。这么多年来，其实万变不离其宗。', '如果按年份长度来说，我不够长，我2013年以来从业6年。最开始，其实是没有区块链这个概念的，只有比特币，当时的比特币做得很好，我运气比较好，一来就碰到牛市了，牛市的逻辑是什么？', '牛市的逻辑，一个是因为大家看到了比特币能够解决一个社会问题的预期，当时大家都在讨论，我们这些老一辈的都经历过，大家其实讨论了很多的问题，比特币会不会取代美元？比特币会不会成为全球货币？很多的公司去做支付，这是2013和2014年的事了。', '我在2014年接受采访的时候说，比特币不会成为全球货币，它更像黄金，这篇2014年5月份的采访现在看得到。', '这是什么意思？当时因为有很多的小国国家货币贬值很快，这个事件出来以后，让这个社会对于比特币产生了非常强的预期，这样新的技术能不能创造一个更好的货币？所以大家的预期非常高。2013年是几十倍的涨幅，这个涨幅其实代表一个预期，比特币能够解决一个社会问题，有这么一个新的事物来做全球货币。虽然它刚刚萌芽，但是这个预期太高了，一直到2013年年底。', '到后来为什么又进入了熊市？其实道理和规律非常简单，就是预期破灭了。', '我在2015年4月份的时候，那时候行业很熊，熊的不能再熊，非常开心的去了趟美国，去了Bitpay，他们反映了一个非常残酷的数据，就是比特币支付的重复使用率非常低，绝大部分用户使用了一次不会使用第二次。所有支持比特币支付的商家，只有不到10%愿意保留比特币，绝大部分要换成法币，这种场景下面比特币只是一种金融工具，不像一种货币，所以它慢慢转型了。', '经营之道也是一样，创造什么社会价值，这个也是我们一个思考问题。比如说我做火币这个公司，为什么要存在？它存在有什么价值？为什么有些公司死了，有些公司活着？有些公司虽然活着但是它已经死了，这个是规律的问题。', '一个事物的存在要带来价值，因为你的存在行业效率更高，这是你的价值。如果没有你行业效率就低了，你肯定是有价值的，这是你持续存在的理由，如果说因为我做的事情比较早，但实际上我运营效率是最低的，你迟早会被淘汰掉。', '我经常给我们团队一句话，不论你用什么模式，能够给市场、用户提供更好的场景和服务，这是你最底层的东西，无论你怎么去说。你今天发个什么东西，明天获得一个新的模式，如果用户并不能够因此得到更好的产品和服务，始终是没有生命力的，可能是成为一个过程中营销的方式。', '如果说我的公司很牛，又有竞争力，最终又落到这个地方，这就是自由市场的特点，我们不讨论垄断市场或者计划市场。自由市场就是这个逻辑，你创造了什么价值？这是我们非常核心的点。', '我们在座的绝大部分都是开公司或者公司的高管，我提出这个问题一定是这样的。因为我们的存在让整个行业或者用户的体验更好了，促进了行业的进步和竞争，整个行业在持续的发展，证明我是有价值的。如果我们公司运营效率很低，因为我们的存在还阻碍了行业的发展，其实有一天会被淘汰。', '最后一页，每个人都不一样，我为什么要再提一下这个，因为来这个地方一定要区别于五星级酒店。我们从行业之道、企业经营之道和最后的修身之道，其实应该反过来，按照《大学》的说法应该是“修身齐家治国平天下”，把修身放在最后了。', '大家都知道这个行业都比较焦虑，焦虑是因为恐惧，是对不确定性的恐惧，因为这个行业太复杂，太不确定，不知道明天要发生什么，对未来不能把控，非常恐惧，所以产生了焦虑，本质上也是“小我”。', '第一，是不是不确定性？', '第二，我们怎么去应对不确定性？', '这个事情的运行就是确定性下的不确定性，规律是确定的，但是表现是不确定的。它客观存在，我们每个人身上都有很多的不确定性，你是跟他对抗还是直接拥抱它？接受它？这是一个核心的问题，我花了好长时间想这个问题，当然我认为我现在也没有想明白，我只是在这里分享一下我当前的所得。', '如果有一天你去接受所有的不确定性，你去接受你个人也好，公司也好，你所在的行业也好，所在的国家等等它不完美的一面，或者以前不能接受的一面，我们发现你会非常豁达，我每天都很开心。饮食、睡眠、运动，“3+1”，再加心情。', '所以我建议，我们都来到武当山这个地方，我们好好去想想这个问题，我们状态会不会非常好，我们现在的身心状态是不是非常好，如果不是在这样的道场里面是不是会有所得，每个人的所得不同，这个是很浅薄的体现，我相信五年以后会有不同的体验。', '我讲这么多，我最后总结一下，每个人都在不断地去思考，提升改变的自己的认知。很多时间就是不断地把以前的认知打破，能不能又有新的认知或者是更全面的、更正确的，更符合大道的认知。', '重要的不是说我今天分享了这几点，重要的是我一直在思考，一直在提升认知，从更底层、更哲学的层面去思考一个行业的问题，公司运营的问题以及个人身心的问题，这个我觉得是根本。我也是希望借助今天武当这么好的场地，能够把大家引路到，能够回到“道”的层面来思考问题的这样一个方向上来，而不在表层上解决表面的问题。', '前面讲的那些如果大家没有兴趣，最起码我觉得最后的这一点还是有价值的，希望我们所有人都不虚武当山之行，谢谢大家。']"
https://tech.163.com/19/0918/08/EPBFUJRL000998GP.html,['欧洲央行执委：天秤币有颠覆性 或挑战美元地位'],"['\n                2019-09-18 08:15:13\u3000来源: ', '网易科技报道', '\n                ', '举报', '\n            ']","[""\n                        （原标题：Facebook's Libra will be disruptive, says ECB's Coeure）\n                    "", '图：欧洲央行执委会成员本诺伊特・科雷（Benoit Coeure）', '网易科技讯 9月18日消息，据外媒报道，欧洲央行执委会成员本诺伊特・科雷（Benoit Coeure）于当地时间周二表示，像Facebook Libra这样的加密货币将颠覆金融体系，它们要么迫使各国央行进行创新，要么可能在全球范围内扮演挑战美元主导地位的角色。', '为了建立廉价的全球支付网络，Facebook今年早些时候宣布，将在明年推出名为Libra的“稳定币”计划，这立即引起全球监管机构关注，他们现在正忙于制定必要的监管规则。', '科雷在卢森堡举行的会议上表示:“Libra等全球‘稳定币’将以某种方式产生颠覆性影响，这是技术快速进步、全球化和消费者偏好发生转变的自然结果。”', '尽管监管机构对Libra的影响表示担忧，但科雷指出，这类货币有巨大吸引力，这可能使它们能够更有效地与美元竞争，而欧元从未做到过这一点。', '这些加密货币主要针对零售客户，它们基于现有的基础设施，这将使它们能够迅速传播扩散。', 'Facebook的目标是将Libra与其即时通讯服务WhatsApp联系起来，为已经全球化的应用程序增加支付功能，并立即帮助Libra获得全球性角色。', '科雷补充说:“现有证据表明，与用于批发跨境贸易和金融的传统货币相比，零售消费者支付的交易和转换成本要低得多。Libra无疑给各国央行敲响了警钟，要求它们加强改善现有支付体系的努力。”', '他还称，各国央行的反应应该是提供更快、更便宜的支付服务，并在制定央行数字货币规则方面开展全球合作。 （小小）', '\n']"
https://tech.163.com/19/0916/07/EP6847SB000998GP.html,['26家央行拟会见Libra项目代表 探寻其对金融威胁'],"['\n                2019-09-16 07:22:17\u3000来源: ', '网易科技报道', '\n                ', '举报', '\n            ']","['\n                        （原标题：Central banks to grill Facebook over Libra）\n                    ', '网易科技讯 9月16日消息，据外媒报道，由于担心Facebook加密货币Libra对金融稳定构成威胁，来自全球26家央行的官员将于周一在德国巴塞尔会晤Facebook及其合作伙伴的代表，包括美联储和英国央行官员。', '负责主持此次会议的欧洲央行行长伯努瓦・克莱(Benoit Coeure)警告称，Libra要想在欧盟开展业务，“获得监管机构批准的门槛将非常高”。此前，欧盟各国财长在赫尔辛基举行了会议，专门探讨Libra和其它加密货币技术可能如何破坏金融体系稳定、破坏各国政府和央行主权，并对此表示“强烈关切”。', 'Libra项目代表说，Facebook和其他创始成员欢迎与监管机构进行各种谈判。他们称:“在Libra网络推出意向宣布后的近三个月里，我们将与世界各地监管机构和政策制定者进行接触作为优先议程。我们欢迎这种参与，并特意设计了长长的发射跑道来进行这些对话，教育利益相关者，并将他们的反馈纳入我们的设计中。”', '欧盟负责金融服务的副主席瓦尔迪斯・东布罗夫斯基斯(Valdis Dombrovskis)表示：“欧盟非常愿意在欧盟层面采取行动。人们对加密货币对金融稳定造成的影响存在一定程度上的担忧。这些风险需要得到充分理解，欧盟需要以统一的方式采取行动。”', '然而，欧洲的政策制定者尤其担心Libra在欧盟受到热烈欢迎，因为那里的消费者在跨境支付方面仍然面临困难。克莱上周五表示，Libra项目为各国政府和央行敲响了“警钟”，它们需要研究技术，让消费者的支付“更快、更便宜”。 （小小）', '\n']"
https://tech.163.com/19/0903/11/EO55VEQ2000998GP.html,['欧洲央行官员：Libra不可靠，或削弱我们对欧元掌控'],"['\n                2019-09-03 11:09:46\u3000来源: ', '新华网', '\n                ', '举报', '\n            ']","['\n                        （原标题：欧洲央行官员：加密货币Libra不可靠）\n                    ', '新华社法兰克福9月2日电（记者沈忠浩 左为）欧洲央行执行委员会委员伊夫・默施2日表示，脸书公司计划发行的加密数字货币Libra看似“迷人”，但并不可靠。', '默施当天在欧洲中央银行系统的一场会议上指出，Libra可能削弱欧洲央行对欧元的掌控，影响欧元区银行流动性，进而危害货币政策传导机制，还可能侵蚀欧元的国际地位。', '默施强调，货币是一种公共商品，与国家主权紧密关联。只有得到独立、负责且有公信力的机构支撑，货币才能激发人们的信任感并实现其关键的经济社会功能。', '他还说，中央银行对新货币形式的态度会随着时间而变化，欢迎货币领域的技术创新，并将探索更多有益创新。', '脸书今年6月宣布将发行Libra，引发市场关于其可靠性、波动风险和数据安全等方面的热议。']"
https://tech.163.com/19/0824/07/ENB2SKJM000998GP.html,['监管加强 五家创始成员考虑退出Libra加密货币计划'],"['\n                2019-08-24 07:55:33\u3000来源: ', '网易科技报道', '\n                ', '举报', '\n            ']","[""\n                        （原标题：Facebook's Libra backers reportedly looking to cut ties with cryptocurrency）\n                    "", '网易科技讯 8月24日消息，据外媒报道，由于多家监管机构对数字货币加强了审查，五家参加Facebook加密货币Libra计划的创始成员正考虑退出。', '两家Libra计划的创始成员表示，他们担心这种加密货币吸引的监管越来越多。此外，至少有三家早期支持者私下讨论退出该项目运营。据称，这些投资者表示，他们担心额外的关注会给他们的其他业务带来压力。', '今年6月，Facebook和27家合作伙伴公布了Libra计划。自那以来，这家社交媒体巨头始终受到议员们的质疑，他们担心这种加密货币将被犯罪分子滥用，并可能损害美元。据报道，欧盟也在调查这种新的数字货币是否会不公平地将竞争对手拒之门外。', '对此，Facebook回应称，在议员们的所有担忧都得到解决之前，该公司不会推出这种加密货币。按照Facebook的计划，Libra将于2020年上半年推出，该公司已经成立了名为“天秤座协会”（Libra Association）的组织来管理这种加密货币。', '天秤座协会的创始成员包括PayPal、Visa、Uber、Spotify、Coinbase、Andreessen Horowitz以及Mercy Corps等，但其目标是到2020年吸引100家成员。', 'Libra将与多种法定货币挂钩，因此其价值不会像比特币等其他加密货币那样剧烈波动。Facebook和天秤座协会都拒绝置评。（小小）', '\n']"
https://tech.163.com/19/0821/07/EN39KQST000998GP.html,['项目才推出2个月，欧盟就要调查Libra是否垄断'],"['\n                2019-08-21 07:19:42\u3000来源: ', '网易科技报道', '\n                ', '举报', '\n            ']","[""\n                        （原标题：Facebook's Libra currency gets EU antitrust scrutiny）\n                    "", '网易科技讯 8月21日消息，据外媒报道，Facebook加密货币Libra项目刚刚推出2个月，就遭到欧盟反垄断监管机构的反垄断调查，理由是其存在潜在反竞争行为，可能会将竞争对手不公平地拒之门外。', '欧盟官员表示，他们担心Libra可能会对将要交换的信息和消费者数据的使用设置“竞争限制”，他们的调查重点是Libra管理机构天秤座协会的治理结构和成员。此外，监管机构还在研究将Libra支持的应用程序整合到WhatsApp和Messenger等Facebook服务中的可能性。', 'Facebook和欧盟委员会均拒绝就调查置评。但欧盟委员会金融服务部发言人表示，除反垄断部门外，其他欧盟监管机构“正在监控加密资产和支付服务领域的市场发展，包括Libra及其发展。”', 'Facebook此前曾承诺，在推出加密货币之前，会安抚所有监管机构，这个过程可能需要很长时间。（小小）']"
https://tech.163.com/19/0819/10/EMUEVA8U000998GP.html,['以色列创企宣布加密货币钱包将开始支持Libra'],"['\n                2019-08-19 10:16:36\u3000来源: ', '网易科技报道', '\n                ', '举报', '\n            ']","[""\n                        （原标题：Facebook's Calibra cryptocurrency wallet already has competition）\n                    "", '网易科技讯 8月19日消息，据国外媒体报道，Facebook曾计划在2020年之前推出加密货币计划Libra以及相应的数字钱包。虽然距离上线为时尚早，但这并未打消一些初创企业早早加入该领域进行竞争的热情。', '当地时间周日以色列开发商ZenGo表示，其于今年早些时候推出的加密货币钱包将开始支持Libra。由于Facebook及其27个合作伙伴目前尚未推出加密货币，ZenGo允许用户存储测试版的Libra加密货币。测试版Libra和正式发布的加密货币完全不同，没有任何真正的货币价值。', 'ZenGo通过博客文章表示:“尽早了解Libra可能会激发你的一些新想法，让你在Libra真正投入运营之时领先一步。”目前iPhone用户可以在ZenGo应用程序中打开你的账户选项来体验测试版Libra。除此之外，ZenGo的加密货币钱包还可以让你用信用卡或Apple Pay购买比特币、以太坊等加密货币。', '图示：支持Libra的ZenGo数字钱包应用', '自Facebook宣布Libra计划以来，该公司一直受到美国立法者的抵制，他们担心这种加密货币将被犯罪分子滥用，并对美元产生负面影响。Facebook区块链负责人大卫・马库斯(David Marcus)上个月在国会听证会上说，在公司解决所有问题之前，这家社交网络公司不会推出Libra，但他并不认为Facebook会暂停Libra计划。', 'Facebook在今年6月正式发布了有关Libra计划的蓝图。与其他加密货币不同的是，Libra加密货币将与固定其价值的资产挂钩，因此其价值不会剧烈波动。负责管理这种加密货币的Libra协会尚未透露这些资产将是什么，但暗示将包括美元和欧元等主要全球货币。拟议中的加密货币遭到了全球监管机构和政界人士的冷淡回应。', 'ZenGo将与Facebook计划于2020年推出名为Calibra的数字钱包展开竞争。不过Facebook的优势在于，其月活跃用户已经达到24亿。用户可以将Calibra应用下载到移动端设备上，或者在发布后将数字钱包添加到即时通讯应用Messenger或WhatsApp中。Calibra钱包也能够与其他接受Libra的钱包兼容。用户需要通过上传诸如驾照之类的ID来验证自己的身份。', 'ZenGo未来计划为Android手机发布一款应用程序。该公司表示，用户可以通过下载该应用程序并提供电子邮件来创建自己的数字钱包。ZenGo的用户并不需要私钥，可以通过扫描自己的面部信息来备份数字钱包。ZenGo说，这款数字钱包对Libra来说是一个“非托管”钱包，这意味着你可以完全控制自己的资金，而不必依赖第三方。（辰辰）', '\n', '\n']"
https://tech.163.com/19/0814/08/EMHC8SSS000998GP.html,['央行数字人民币即将推出 具有哪些突破性意义？'],"['\n                2019-08-14 08:19:17\u3000来源: ', '新京报', '\n                ', '举报', '\n            ']","['\n                        （原标题：央行数字人民币即将推出 具有哪些突破性意义？）\n                    ', '中国人民银行推出的数字货币，是基于互联网新技术，推出全新的加密电子货币体系，这无疑是一场货币体系的重大变革。', '研究五年之久的中国央行数字货币“呼之欲出”。8月10日，中国人民银行支付结算司副司长穆长春在中国金融四十人论坛上表示，央行数字货币即将推出，将采用双层运营体系。', '随着互联网科技和大数据的发展，全球涌现了不少所谓的“数字货币”。如今央行数字货币呼之欲出，众多的非主权“数字货币”即此也将相形见绌。', '截至目前，全球还没有一家央行推出主权“数字货币”。正因如此，“剑走偏锋”的IT科技奇才们，充分利用金融科技创新和“区块链”技术，早在十年前就搞出了所谓的“数字货币”比特币。', '但从货币属性看，比特币本质上并非货币。从技术上来讲，比特币确有一定的先进性，比如，它采用了区块链技术，多边记账、实时查询、软件开源、P2P形式，它不依靠特定货币机构发行，依据特定算法，通过大量的计算产生。比特币使用整个P2P网络中众多节点构成的分布式数据库，来确认并记录所有的交易行为，并使用密码学的设计来确保货币流通各个环节安全性。点对点的传输，意味着一个去中心化的支付系统。', '比特币诞生十年来，一直被定义为“衍生产品”，受各国监管尺度不同、勒索软件赎金、跨境洗钱及投机逐利炒作等影响因素，上涨一度超2万美元一枚。然而，其投机性受到监管趋紧和技术问题等影响，导致价格大起大落。', '受比特币示范效应影响，众多类比特币们应运而生，时下非主权的所谓“数字货币”全球总计超百种之多，一定程度干扰了国际货币金融体系。在巨大的“铸币税”诱惑下，更多企业和个人跃跃欲试。甚至美国著名上市公司脸书也发布数字货币Libra项目，这引发了许多全球区块链概念企业的奋起直追。', '值得关注的是，并非任何个人和企业都可以发行数字货币。从货币的本质看，只有国家才能对货币行使发行的最高权力，而且这是排他性的权力。因此，不管技术多么先进，也不能超越国家的货币发行权。', '在金融科技大数据时代，对主权国家来讲，最好的践行货币国家发行权的办法是由政府和中央银行发行管控范围的主权数字货币。我国央行推出数字货币具有重要的突破性意义。', '我国央行推出的数字货币，它不是指现有货币体系下的货币数字化，而是基于互联网新技术，特别是区块链技术，推出全新的加密电子货币体系，这无疑是一场货币体系的重大变革。', '据报道，我国央行数字货币将采用双层运营体系，即人民银行先把数字货币兑换给银行或者是其他运营机构，再由这些机构兑换给公众。在这个过程中，央行将坚持中心化的管理模式：央行不预设技术路线，不一定依赖区块链，将充分调动市场力量，通过竞争实现系统优化。', '事实上，央行数字货币在一些功能实现上与电子支付有很大的区别。以往电子支付工具的资金转移必须通过传统银行账户才能完成，采取的是“账户紧耦合”的方式。而央行数字货币是“账户松耦合”，即可脱离传统银行账户实现价值转移，使交易环节对账户依赖程度大为降低。央行数字货币既可以像现金一样易于流通，有利于人民币的流通和国际化，同时可以实现可控匿名。', '可以预见的是，数字人民币时代即将到来，数字人民币是基于国家信用、由央行发行的法定数字货币，将会产生很大的积极影响。', '对商业银行及其他金融机构来讲，其既是机遇又是挑战，未来将基于数字货币衍生出更多的数字信贷、数字资产和数字负债等创新，而非主权“数字权货币”也会逐渐降温。此外，央行数字货币发行后能提升对货币运行监控的效率，丰富货币政策手段。', '发行央行法定数字货币，将使货币创造、记账、流动等数据实时采集成为可能，并在数据脱敏以后，通过大数据等技术手段进行深入分析，为货币的投放、货币政策的制定与实施提供有益的参考，并为经济调控提供有益的手段。与此同时，央行数字货币还能够在反洗钱、反恐融资方面提供帮助。', '总之，中国人民银行推出数字货币，无论是对国内还是对国际，都是一场重大的货币体系变革。', '□孙兆东(经济学者、建行大学金融科技大数据研修院高级经济师)']"
https://tech.163.com/19/0725/07/EKTQN2K2000998GP.html,['孙宇晨已把炒作玩砸了？旗下数字币已跌去三成'],"['\n                2019-07-25 07:51:11\u3000来源: ', '澎湃新闻', '\n                ', '举报', '\n            ']","['\n                        （原标题：孙宇晨这把与巴菲特午餐的炒作玩砸了？旗下数字币已跌去三成）\n                    ', '澎湃新闻记者 刘茜琳 综合报道', '自7月23日凌晨，巴菲特午餐中标者――波场TRON和陪我APP的创始人孙宇晨称病取消午餐后，有关他的负面消息不断发酵。', '有报道暗示，孙宇晨本次取消巴菲特午餐的真正原因有可能是被“边控了”。不过，孙宇晨又在7月24日凌晨在推特上做了一次长达9分多钟的视频直播，自证身处美国旧金山。', '实际上，孙宇晨取消与巴菲特的午餐非常突然。午餐会的时间是7月25日，也就是宣布取消午餐会时的两天后，而就在孙宇晨微博上宣布取消与巴菲特午餐的5个小时前，他还在推特中更新了邀请火币集团CFO李书沸为第五位赴宴伙伴的消息。虽然孙宇晨自称取消午餐的原因是“突发肾结石正于医院治疗”，但很多人并不相信。', '从6月4日宣布以456.7888万美元的历史最高价拍下巴菲特慈善午餐，到7月23日宣布取消午餐，再到7月24日视频直播自证身处美国旧金山，善于营销炒作的孙宇晨确实一次次引爆了舆论场。然而，这一波操作下来，孙宇晨旗下的数字货币波场币（TRX）价格却一路下跌，从0.033694美元跌到了0.023235美元，跌幅达31%。如果相比2018年1月5日0.3美元的最高价格，目前波场币的价格已跌去超九成。', '7月23日凌晨5点49分，孙宇晨在微博上表示，因突发肾结石，取消与巴菲特的午餐会面。同时，一张疑似孙宇晨与他人对话的截图开始现在网上流传，该截图显示，孙宇晨自称，“这波我给全金融界都上了堂课”“不用吃，我就能赚”。', '然而，随着舆论的发酵，孙宇晨的常规营销炒作手法为自己带来了一场外界对其旗下产品的大型“扫黑”。', '先是当日中午11点28分，21世纪经济报道放出了孙宇晨旗下产品涉嫌非法集资、洗钱、涉黄涉赌等问题的报道，称其“陪我”APP涉嫌色情交易、波场上的DAPP以赌博类应用为主，而且境内用户可以直接访问。', '孙宇晨方面一小时之内就做出了反驳，12点23分在微博上辟谣称并未涉嫌非法集资、洗钱、涉黄、涉赌，并表示网传对话截图是PS的产物。', '然而，傍晚6时，21世纪经济报道再次爆出孙宇晨旗下产品“陪我”APP的运营主体广州陪我信息科技有限公司新增注销备案，注销原因显示为决议解散，清算组负责人为陪我欢乐（北京）科技有限公司。据国家企业信用信息公示系统显示，广州陪我信息科技有限公司已被列入经营异常名录。', '对此，7月24日早上6点37分孙宇晨又在微博上回应称，“陪我APP第一时间配合监管机构进行净网行动，对平台部分由用户自发产生的负能量内容进行整改，一切正常运营，新的实体成立，老的实体解散而已，不影响正常业务进行，完全是基于商业考虑。我们旗下公司繁多，基于商业考虑进行公司新设与注销是正常经营行为，不必过度解读”。', '所谓边控，即为防止涉案的外国人或者中国公民借出境之机逃避司法机关对其法律责任的追究，给境内的国家、集体或个人财产等带来重大损失，而通过法定程序在国家边境口岸对其采取限制出境的一种保全措施。', '财新网在7月23日晚间发布消息称，确认孙宇晨已被“边控”，中国互联网金融风险专项整治小组办公室已经就孙宇晨涉嫌非法集资、洗钱、涉黄、涉赌等问题，建议公安机关对其立案调查。', '财新网的报道立即让孙宇晨旗下的数字货币波场币重挫。7月24日凌晨，孙宇晨通过微博表示，财新网所报道的“被边控”不实，待病情好转后将与外界见面。并于凌晨3时在推特上发布直播，镜头中的信息显示其正在美国旧金山，并秀出与哈希值的合照，同区块链出块时间帮自己“盖时间戳”。', '7月24日6时，财新再次报道称，孙宇晨早在2018年6月就已经“被边控”，此后不知以何种方式出境，至今未滞留国外不曾回国。', '实际上，边控期限可以视情况而定，分1个月、3个月、1年等周期，一般是3个月续控一次。在限制出境期间，一般情况下，并不限制被控对象在境内的活动自由，但如果边控和查处进度没有保持同步，续控手续没有及时提交，则很容易被钻空子，或以疾病等理由申请解除边控。', '有多位区块链业界人士向澎湃新闻透露，因被群众举报而陷入多起金融案件，且涉案资金额较大，孙宇晨确实已被纳入“边控”名单，但目前尚未对其采取刑事强制措施，仍处于调查阶段。', '同时，孙宇晨身边多位朋友表示，孙宇晨最近都在境外，并未回国。但是否真的患有“肾结石”，无人知晓。', '公开资料显示，孙宇晨出生于1990年7月，本科毕业于北京大学历史系，研究生就读于美国常青藤名校宾夕法尼亚大学。2013年，当时还是比特币爱好者的孙宇晨在硅谷接触到了Ripple\n \nLabs项目后，直言Ripple比比特币还要神奇，“这是一套由价值网络支持的去中心化的支付体系，可以让不同货币自由、免费、零延时地汇兑”。一个多月后，他以Ripple\n Labs大中华区首席代表的身份回国创业。', '回国后，成为币圈创业者的孙宇晨开始注重圈子和人设的打造。2014年3月起，孙宇晨一边通过接受媒体采访、参加论坛做宣传，另一边，成立了锐波科技，并拿到了信中利资本领投，IDG资本、中科资本、清控科创等多家创投跟投的千万美金级A轮融资。2015年，孙宇晨当选了中国福布斯30位30岁以下创业者，并入选湖畔大学。从此之后，“马云门徒”变成了孙宇晨本人最喜欢使用的头衔。', '根据官网介绍，波场TRON是全球最大的基于区块链的去中心化应用操作系统协议之一，团队共有400余成员，主要目的是推动互联网去中心化以及为去中心化搭建基础设施。BitTorrent则是在2018年被孙宇晨收购的技术公司，主要基于P2P网络文件分享的通讯协议，孙宇晨称，收购BitTorrent是波场战略决心的体现，BitTorrent与其全球安装用户将成为波场生态的一部分。', '与其他“币圈大佬”一样，围绕在孙宇晨身边有关“割韭菜”“抄袭”“空气币”的质疑声不绝于耳，甚至被冠以“币圈微商”的称号。', '2017年8月波场项目上线后，与币圈的核心逻辑一样，通过ICO（首次发行代币）向社群募集了约4亿元。在最初的设想中，孙宇晨称要将波场做成去中心化的内容和娱乐平台，以便娱乐从业者可以通过拿波场币（TRX）的方式赚钱。', '然而近2年过去，实用的产品未见落地，反而波场币登陆了多个海外交易所。根据全球币价网站CoinMarketCap数据，经过此次风波，波场币(TRX)已在7日内急跌近五成，7日内最高价约0.03美元，最低价约0.02美元，目前报价约0.023美元，相比2018年1月5日0.3美元的最高价格，目前波场币的价格已跌去超九成。']"
https://tech.163.com/19/0724/09/EKRENVBJ000998GP.html,['孙宇晨发推自证身处旧金山，疑似回应被边控'],"['\n                2019-07-24 09:43:29\u3000来源: ', '澎湃新闻', '\n                ', '举报', '\n            ']","['\n                        （原标题：爽约巴菲特午餐的孙宇晨发推自证身处旧金山，疑似回应被边控）\n                    ', '孙宇晨在哪里有了新答案。北京时间7月24日凌晨，孙宇晨在推特上发布了其在旧金山家中的图片和视频，疑似回应其被边控传闻。', '在7月23日凌晨宣布取消耗资456.7888万美元拍下的与巴菲特的午餐会面后，波场TRON和陪我APP的创始人孙宇晨引来了新一波质疑。特别是，国内知名媒体财新报道称，经其独家确认，孙宇晨已被边控。同时，财新报道还指出，国家互联网金融风险专项整治小组办公室已就孙宇晨涉嫌非法集资、洗钱、涉黄、涉赌等问题，建议公安机关对其立案调查。在此之前，21世纪经济报道也报道称，孙宇晨涉嫌非法集资、洗钱、涉黄、涉赌等，同时称经其多方求证了解，孙宇晨目前仍在境内。', '孙宇晨取消与巴菲特的午餐非常突然。午餐会的时间是7月25日，也就是宣布取消午餐会时的两天后。此外，就在孙宇晨微博上宣布取消与巴菲特午餐的5个小时前，他还在推特中更新邀请火币集团CFO李书沸同赴宴的消息。对于取消午餐的原因，孙宇晨给出的官方说法是“突发肾结石正于医院治疗”，但很多人并不相信。不过，有关孙宇晨本人以及其下属公司的质疑却一窝蜂地带了出来。', '7月23日12：23，孙宇晨在微博上一一回应了有关涉嫌非法集资、洗钱、涉黄、涉赌等的媒体报道。不过，对于记者关于其身处何处的疑问，孙宇晨并没有做出回应。', '孙宇晨究竟在哪里？一时成为了此次舆论风暴的核心。虽然21世纪经济报道多方了解，认为孙宇晨仍在境内。不过，澎湃新闻当时发现，孙宇晨在微信朋友圈发了一张图片，文字只有“声明”二字。图片内容为其发布在微博上的有关取消与巴菲特午餐会面的内容，不过显示时间为“7-22\n 14：49”，与北京时间“7-23 \n5:49”有15个小时时差，该时区为美国的时区。虽然图片存在作假的可能，但也不能完全排除孙宇晨身处美国的可能。', '微博截屏', '7月23日晚间财新发布了有关孙宇晨被边控的报道，这很容易让人理解为孙宇晨应该在国内。不过，7月24日凌晨00：33，孙宇晨在微博上称“财新网的报道完全不实，我一切平安，待病情恢复好转后，就会与外界见面，让大家担心啦”。', '推特截屏', '同时，孙宇晨在其官方推特上连发两条推特，一条是图文，显示他在旧金山的家中，从其家中窗户望出去，可以看到旧金山的标志性建筑之一海湾大桥（bay\n bridge）。另一条是时长为9分40秒的直播，直播视频中，孙宇晨在旧金山家中，虽然面带倦容，但依旧侃侃而谈，其中也有海湾大桥的镜头。', '微博截屏', '在7月24日早上6：37，孙宇晨又在微博上发了一条消息，对陪我APP有关的一家公司正在申请注销做出回应。孙宇晨称，“陪我APP第一时间配合监管机构进行净网行动，对平台部分由用户自发产生的负能量内容进行整改，一切正常运营，', '，不影响正常业务进行，完全是基于商业考虑。我们旗下公司繁多，基于商业考虑进行公司新设与注销是正常经营行为，不必过度解读。 ????”', '至此，孙宇晨对主要质疑均作出了直接或间接的回应，不过有些回应内容并不让人满意，真实性也难分辨。']"
https://tech.163.com/19/0724/08/EKRASJI8000998GP.html,['天秤币想成全球货币，现有技术体系撑得起野心吗'],"['\n                2019-07-24 08:36:06\u3000来源: ', '澎湃新闻', '\n                ', '举报', '\n            ']","['\n                        （原标题：观点｜现有技术体系撑得起天秤币成为全球货币的野心吗）\n                    ', '澎湃新闻记者 刘茜琳', '全球社交网络巨头Facebook的全球数字货币Libra（天秤币）自发布白皮书起，就引发了全球监管对隐私保护的担忧和各国央行对数字货币的警惕。但实际上，技术专家表示，讨论Libra发布后的监管也许为时尚早，Libra白皮书中所描绘的“建立为数十亿人服务的金融基础设施”可能缺乏实现的条件。', '在7月17日美国国会众议院对天秤币展开的听证会上，Facebook的区块链项目负责人马库斯默认，Libra与微信、支付宝将是竞争关系，同样是一种移动支付工具。对此，有国内技术专家指出，Libra想要做好全球移动支付并没有那么容易，至少要克服基础设施和区块链工程落地的实际问题。', '“实际上目前全世界联网环境最好的地方就是中国”，众享比特创始人严挺指出，Libra的白皮书愿景很好，但究竟能做到多少比较难说，“Libra的许多目标用户没法挑环境，在中国都是LT4G甚至5G的网络环境，但站在一线视角来看，全球无线网络的连通性其实没有想象的那么好”。严挺提到，依照此前在境外做测试的经验，很多跨境运营商实际的网络覆盖非常不理想，移动支付实际是连不通的。', '星合资本首席科学家胡震同样认为，区块链对整个网络通信环境较为依赖。“最近十年PC互联网、移动互联网、区块链为什么会在中国发展特别好？因为我们拥有全球范围内最佳的网络通信的基础设施，而恰恰是其他国家的一个劣势”，胡震说道。同时，这也对中国的互联网巨头提出了一个挑战，如果我们的移动互联网包括区块链业务要拓展到海外，需要充分考虑网络通信覆盖不足的不利因素。', '此外，严挺认为，在区块链工程的角度，想要实现Libra的愿景实际并不容易。“承认Libra的划时代的创举，但核心问题在于工程实现的困难度非常大”，严挺说道，拿超级账本的开发检验来说，最早是以太坊0.6版本，现在是1.4版本，中间经历了5年的时间，国内外同行都在里面吃了很多亏，也改了很多地方，因为工程里面遇到的问题确实非常复杂，在新的区块链领域困难都很大，远比云环境要来得复杂得多。', '胡震表示，Libra目前来看是联盟链的架构，按照白皮书所描述的，Libra将在全球范围内挑选100个超级节点，每个节点都有很高的准入门槛，包括达到一定的营收规模和注册资金等条件，未来会逐步演变成公有链。', '“但联盟链和公有链是两种完全不同的玩法，在治理机制和经济激励等方面也有两套截然不同的思维方式”，胡震说道，目前区块链世界的最大应用比特币也是公有链，Libra要演变成公有链，更多要考虑的是在非可信的环境下面，用户的自由加入和退出，而要实现这个过程，整个技术体系的实现难度相对联盟链会更大一些。', '“公链上的节点加入和退出是完全开放的，各方来去自由，但目前在区块链领域中，实现的难度在工程级别上现在是预测不到的”，严挺指出，Libra从整个治理层面来看，更偏向于传统的公司化的治理方式，但就像以太坊刚出来的时候一样，很多东西实际也无法预测，只能靠大量的用户和内容去探路。']"
